일시,구장,홈,방문,관중수,예측관중_추정트렌드,예측관중_실제트렌드,오차
2025-03-22,수원,KT,한화,18700.0,21833.040045653437,19419.395437411888,-3133.040045653437
2025-03-22,잠실,LG,롯데,23750.0,29179.155834995767,25699.773855047697,-5429.155834995767
2025-03-22,광주,KIA,NC,20500.0,22420.627047154572,20179.188505474853,-1920.6270471545722
2025-03-22,문학,SSG,두산,23000.0,26802.684730452274,23980.305022795794,-3802.6847304522744
2025-03-22,대구,삼성,키움,24000.0,25985.05330999747,23355.309961771967,-1985.053309997471
2025-03-23,문학,SSG,두산,23000.0,26692.338519925837,24586.0520404121,-3692.3385199258373
2025-03-23,대구,삼성,키움,24000.0,25193.970649452043,23227.033463496482,-1193.9706494520433
2025-03-23,광주,KIA,NC,20500.0,21654.503595570568,20248.00402553833,-1154.503595570568
2025-03-23,수원,KT,한화,18700.0,20311.552925576994,19011.900476253737,-1611.5529255769943
2025-03-23,잠실,LG,롯데,23750.0,29155.81555133584,27548.266212722647,-5405.81555133584
2025-03-25,잠실,LG,한화,23750.0,27781.761801629957,26326.790151650403,-4031.7618016299566
2025-03-25,문학,SSG,롯데,13860.0,20664.39943362055,19692.31503840703,-6804.399433620551
2025-03-25,대구,삼성,NC,21024.0,17733.36254799129,16604.26170637684,3290.6374520087084
2025-03-25,수원,KT,두산,8141.0,11107.714612537113,10671.300587923672,-2966.7146125371128
2025-03-25,광주,KIA,키움,15053.0,18968.048660659068,17737.252435216546,-3915.0486606590675
2025-03-26,잠실,LG,한화,23750.0,28075.198102195598,26002.66199769344,-4325.198102195598
2025-03-26,문학,SSG,롯데,14855.0,22098.61928856933,20649.320614620094,-7243.619288569331
2025-03-26,대구,삼성,NC,24000.0,20689.51339784526,19620.291914537087,3310.4866021547386
2025-03-26,수원,KT,두산,9607.0,12700.548937961563,12094.32712433479,-3093.548937961563
2025-03-26,광주,KIA,키움,17780.0,19567.947153657606,18557.136809656797,-1787.9471536576057
2025-03-27,광주,KIA,키움,12288.0,15320.870314128377,14404.371255420027,-3032.870314128377
2025-03-27,수원,KT,두산,9024.0,11724.599050250825,11012.923692370377,-2700.599050250825
2025-03-27,대구,삼성,NC,20781.0,16732.49200035445,15451.320693481362,4048.5079996455497
2025-03-27,문학,SSG,롯데,14155.0,17466.42767014606,16380.590079793325,-3311.4276701460585
2025-03-27,잠실,LG,한화,23750.0,27872.296330070523,25746.310338710344,-4122.296330070523
2025-03-28,대전,한화,KIA,17000.0,14907.962773920748,13764.731466544747,2092.037226079252
2025-03-28,사직,롯데,KT,22665.0,23436.181737270585,21604.7101802627,-771.1817372705846
2025-03-28,창원,NC,LG,15510.0,14209.768375862886,13347.850794786877,1300.2316241371136
2025-03-28,고척,키움,SSG,11002.0,14714.846055789465,13701.872494113863,-3712.846055789465
2025-03-28,잠실,두산,삼성,23750.0,26692.338519925837,24329.61719404548,-2942.3385199258373
2025-03-29,대전,한화,KIA,17000.0,18264.91461814892,16823.664233454092,-1264.9146181489195
2025-03-29,사직,롯데,KT,22665.0,26001.2917859309,23877.08715766803,-3336.291785930898
2025-03-29,창원,NC,LG,17943.0,18464.833091521905,16923.471777476178,-521.8330915219049
2025-03-29,고척,키움,SSG,13785.0,17495.5816992136,15961.762238028592,-3710.5816992135988
2025-03-29,잠실,두산,삼성,23750.0,28562.50004075283,25626.80449658488,-4812.500040752831
2025-03-30,고척,키움,SSG,13081.0,16518.892622731786,14814.28396774707,-3437.892622731786
2025-03-30,잠실,두산,삼성,23750.0,28535.304122119014,25126.519049125563,-4785.304122119014
2025-03-30,대전,한화,KIA,17000.0,16801.13512570647,14787.208041974807,198.86487429352928
2025-03-30,사직,롯데,KT,22665.0,25708.252636826754,22479.07820319026,-3043.2526368267536
2025-04-02,잠실,두산,키움,8336.0,16851.525810095813,14844.409360709997,-8515.525810095813
2025-04-02,광주,KIA,삼성,12172.0,20043.379852617265,17149.422165986147,-7871.379852617265
2025-04-02,수원,KT,LG,7829.0,15991.092172538178,13378.587265713091,-8162.092172538178
2025-04-02,대전,한화,롯데,16252.0,11940.816091929159,9871.911024775005,4311.183908070841
2025-04-03,수원,KT,LG,8627.0,19567.947153657606,16024.400941782818,-10940.947153657606
2025-04-03,대전,한화,롯데,16559.0,13711.203648005856,11239.179432729321,2847.796351994144
2025-04-03,광주,KIA,삼성,12826.0,20479.19485348354,16837.534057640503,-7653.194853483539
2025-04-03,잠실,두산,키움,9131.0,18854.099811412252,15163.641604314334,-9723.099811412252
2025-04-04,대구,삼성,한화,24000.0,26063.411729292966,20717.154308622477,-2063.411729292966
2025-04-04,잠실,LG,KIA,23750.0,30191.425848160863,23998.40951715071,-6441.425848160863
2025-04-04,문학,SSG,KT,13323.0,15991.092172538178,13081.822652137243,-2668.0921725381777
2025-04-04,고척,키움,NC,5161.0,9826.193567216178,7966.684049703386,-4665.193567216178
2025-04-04,사직,롯데,두산,17293.0,18891.474461476664,15095.643170888081,-1598.4744614766641
2025-04-05,대구,삼성,한화,24000.0,26802.684730452274,21780.740796278562,-2802.6847304522744
2025-04-05,고척,키움,NC,8895.0,16726.377852853377,13680.703959283288,-7831.377852853377
2025-04-05,사직,롯데,두산,21807.0,22398.12294214214,18126.47799842515,-591.1229421421413
2025-04-06,사직,롯데,두산,22665.0,21120.75560369726,17025.421750016572,1544.24439630274
2025-04-06,고척,키움,NC,7041.0,14545.863251251974,11860.54597198602,-7504.863251251974
2025-04-06,잠실,LG,KIA,23750.0,30085.76486021914,23760.727092015793,-6335.76486021914
2025-04-06,대구,삼성,한화,24000.0,28512.205013566956,22903.282400526103,-4512.205013566956
2025-04-06,문학,SSG,KT,18679.0,20103.36254931892,16577.162898692302,-1424.362549318921
2025-04-08,잠실,두산,한화,20986.0,25487.335422022545,20804.80569056729,-4501.335422022545
2025-04-08,사직,롯데,KIA,14038.0,20858.406764295367,17162.654524805483,-6820.406764295367
2025-04-08,고척,키움,LG,10452.0,13898.251112245322,11239.084101090019,-3446.2511122453216
2025-04-08,수원,KT,NC,5233.0,7701.345924953758,6133.227031428432,-2468.345924953758
2025-04-08,대구,삼성,SSG,19327.0,19567.947153657606,15309.15168588561,-240.94715365760567
2025-04-09,잠실,두산,한화,19300.0,20627.367148288882,15988.373845552891,-1327.3671482888822
2025-04-09,사직,롯데,KIA,13551.0,21685.58711614655,17029.7787004,-8134.587116146551
2025-04-09,고척,키움,LG,9967.0,11107.714612537113,8537.142482932406,-1140.7146125371128
2025-04-09,수원,KT,NC,3667.0,7701.345924953758,5830.255571141109,-4034.345924953758
2025-04-09,대구,삼성,SSG,20632.0,17493.12897085848,12698.038429337503,3138.871029141519
2025-04-10,대구,삼성,SSG,21291.0,19975.711133003537,14902.929454748799,1315.2888669964632
2025-04-10,고척,키움,LG,10627.0,14029.451534774418,10676.518889011459,-3402.451534774418
2025-04-10,수원,KT,NC,5086.0,7874.915055349562,6029.005555751126,-2788.915055349562
2025-04-10,잠실,두산,한화,21561.0,25352.064402146632,18945.1957278916,-3791.0644021466323
2025-04-10,사직,롯데,KIA,13726.0,21521.252692250386,16538.991585669977,-7795.252692250386
2025-04-11,사직,NC,롯데,13728.0,24462.1988247578,18685.442659627108,-10734.198824757801
2025-04-11,잠실,LG,두산,23750.0,30285.120068709435,23178.07905196196,-6535.120068709435
2025-04-11,광주,KIA,SSG,20500.0,20638.406087035302,16289.975497118237,-138.40608703530233
2025-04-11,수원,KT,삼성,17416.0,18891.474461476664,14802.679095902926,-1475.4744614766641
2025-04-11,대전,한화,키움,17000.0,14209.768375862886,10986.656085827679,2790.2316241371136
2025-04-12,사직,NC,롯데,15222.0,26694.94733753733,20800.877484987373,-11472.94733753733
2025-04-12,대전,한화,키움,15457.0,17320.110425618233,13781.723947546972,-1863.1104256182334
2025-04-12,잠실,LG,두산,22938.0,29675.320794876527,23523.491789398668,-6737.320794876527
2025-04-13,사직,NC,롯데,21003.0,27185.54491482347,21502.509561569965,-6182.544914823469
2025-04-13,잠실,LG,두산,23750.0,29274.018222263927,23735.68936828409,-5524.018222263927
2025-04-13,광주,KIA,SSG,20500.0,23095.33490572904,18799.539639305847,-2595.3349057290397
2025-04-13,수원,KT,삼성,18700.0,20433.600784322316,16560.344246910558,-1733.600784322316
2025-04-13,대전,한화,키움,17000.0,16450.266090268757,13646.603366751398,549.7339097312433
2025-04-15,잠실,LG,삼성,23750.0,24862.834592341667,20350.165577321433,-1112.8345923416673
2025-04-15,사직,롯데,키움,9714.0,19863.364901450055,16249.968685343129,-10149.364901450055
2025-04-15,광주,KIA,KT,10979.0,20113.860956445198,16159.172207442543,-9134.860956445198
2025-04-15,문학,SSG,한화,15618.0,23299.032109117386,18335.721485970244,-7681.032109117386
2025-04-16,문학,SSG,한화,16785.0,25071.217576234303,19795.348654641548,-8286.217576234303
2025-04-16,광주,KIA,KT,12423.0,20119.680108603505,16094.7534711358,-7696.680108603505
2025-04-16,잠실,LG,삼성,23750.0,25533.469608900272,20726.597036788848,-1783.4696089002719
2025-04-16,사직,롯데,키움,11679.0,19975.711133003537,16360.026737720083,-8296.711133003537
2025-04-17,문학,SSG,한화,18098.0,24850.13921914631,20041.5776807567,-6752.139219146309
2025-04-17,광주,KIA,KT,12104.0,20456.814089571715,16650.918616467516,-8352.814089571715
2025-04-17,잠실,LG,삼성,23750.0,25674.765776718818,20988.07582815104,-1924.7657767188175
2025-04-17,사직,롯데,키움,11812.0,15948.24375310691,13562.309915303262,-4136.24375310691
2025-04-18,잠실,두산,KIA,23750.0,29497.388065818257,24657.766116549785,-5747.388065818257
2025-04-18,고척,키움,KT,4666.0,9755.591906676895,8194.33844886694,-5089.591906676895
2025-04-18,문학,SSG,LG,18091.0,24741.1711592517,20539.804820499667,-6650.171159251699
2025-04-18,대구,삼성,롯데,24000.0,29162.359954174208,24832.196019810533,-5162.359954174208
2025-04-18,대전,한화,NC,17000.0,14907.962773920748,12753.98943535749,2092.037226079252
2025-04-19,대전,한화,NC,17000.0,18264.91461814892,15723.983186994912,-1264.9146181489195
2025-04-19,문학,SSG,LG,18727.0,24741.1711592517,21432.05476963746,-6014.171159251699
2025-04-19,대구,삼성,롯데,24000.0,29155.81555133584,25016.06729910206,-5155.81555133584
2025-04-19,잠실,두산,KIA,23750.0,29155.81555133584,25183.420601675265,-5405.81555133584
2025-04-19,고척,키움,KT,8281.0,16701.380405130007,14599.354782439203,-8420.380405130007
2025-04-20,잠실,두산,KIA,23750.0,29258.205395969002,25157.420321244503,-5508.205395969002
2025-04-20,고척,키움,KT,6859.0,14317.161693905009,12510.7277153975,-7458.161693905009
2025-04-20,문학,SSG,LG,23000.0,26304.030101429944,22614.278009834357,-3304.030101429944
2025-04-20,대구,삼성,롯데,24000.0,28720.663793727494,24694.84291065587,-4720.663793727494
2025-04-20,대전,한화,NC,17000.0,16923.606061619746,14634.577766575929,76.39393838025353
2025-04-22,수원,KT,SSG,5497.0,10107.941467612778,8628.882150176098,-4610.941467612778
2025-04-22,고척,키움,두산,6809.0,10107.941467612778,8380.178662042534,-3298.941467612778
2025-04-22,잠실,LG,NC,12941.0,17042.0483725383,13796.691254183565,-4101.048372538298
2025-04-23,사직,롯데,한화,19376.0,22156.830335529612,17789.96157763057,-2780.830335529612
2025-04-23,대구,삼성,KIA,22257.0,20389.95229046498,16225.05233178154,1867.0477095350216
2025-04-23,잠실,LG,NC,17828.0,20702.12885474766,16899.313782284706,-2874.1288547476615
2025-04-23,고척,키움,두산,6801.0,11016.28083662096,9116.416414641482,-4215.280836620959
2025-04-23,수원,KT,SSG,7581.0,10930.438455167436,8887.326574353418,-3349.4384551674357
2025-04-24,수원,KT,SSG,7815.0,10936.613726167887,8727.26525887183,-3121.613726167887
2025-04-24,고척,키움,두산,7690.0,11198.728706514623,8851.79976719523,-3508.728706514623
2025-04-24,사직,롯데,한화,22669.0,21836.426436494305,16685.011561951214,832.5735635056953
2025-04-24,대구,삼성,KIA,24000.0,20113.860956445198,15731.33705146194,3886.139043554802
2025-04-24,잠실,LG,NC,19325.0,20252.539364120064,16035.828144414505,-927.5393641200644
2025-04-25,대전,한화,KT,17000.0,13835.10650455732,11118.387161818393,3164.8934954426804
2025-04-25,광주,KIA,LG,20500.0,22398.12294214214,17751.98827626586,-1898.1229421421413
2025-04-25,잠실,두산,롯데,23750.0,28689.47842543364,23147.076277705037,-4939.478425433641
2025-04-25,대구,삼성,NC,24000.0,25442.4385416634,20527.31865256291,-1442.4385416633995
2025-04-25,문학,SSG,키움,12140.0,24838.94382528161,20827.99278731025,-12698.94382528161
2025-04-26,대전,한화,KT,17000.0,17200.0798139644,14254.77423472642,-200.07981396439936
2025-04-26,광주,KIA,LG,20500.0,25879.187671616077,21150.598713240648,-5379.187671616077
2025-04-26,잠실,두산,롯데,23750.0,29271.02615284073,24090.70244185633,-5521.026152840732
2025-04-26,대구,삼성,NC,24000.0,28829.542937563652,24046.49296665903,-4829.542937563652
2025-04-26,문학,SSG,키움,18641.0,26694.94733753733,22496.892659326157,-8053.947337537331
2025-04-27,대구,삼성,NC,24000.0,27409.58975701662,22858.25546420218,-3409.58975701662
2025-04-27,잠실,두산,롯데,23750.0,29155.81555133584,24326.47606204182,-5405.81555133584
2025-04-27,문학,SSG,키움,16422.0,25985.05330999747,22340.13036368834,-9563.053309997471
2025-04-27,대전,한화,KT,17000.0,16114.068963302647,13660.092464956937,885.9310366973532
2025-04-27,광주,KIA,LG,20500.0,24262.347233559314,20970.997486960674,-3762.347233559314
2025-04-29,잠실,두산,KT,14138.0,14119.999664508396,12146.635604711084,18.000335491604346
2025-04-29,대전,한화,LG,17000.0,13493.991875164358,11389.870476345928,3506.008124835642
2025-04-29,고척,키움,롯데,13203.0,17903.410577766725,15111.727460049391,-4700.410577766725
2025-04-29,광주,KIA,NC,10575.0,17733.36254799129,15192.305014480384,-7158.362547991292
2025-04-29,문학,SSG,삼성,15481.0,21623.8052615263,18658.829485737624,-6142.8052615263005
2025-04-30,잠실,두산,KT,17158.0,14049.409235792547,12181.530321811177,3108.5907642074526
2025-04-30,고척,키움,롯데,14367.0,18489.97951754298,15964.466401020787,-4122.979517542979
2025-04-30,광주,KIA,NC,15139.0,18677.291962816103,15884.519046239795,-3538.2919628161035
2025-04-30,문학,SSG,삼성,18998.0,21685.58711614655,18347.358723439545,-2687.587116146551
2025-04-30,대전,한화,LG,17000.0,13695.915242096344,11861.556911346694,3304.0847579036563
2025-05-01,잠실,두산,KT,19883.0,12344.906747351504,10882.187857742356,7538.093252648496
2025-05-01,고척,키움,롯데,16000.0,15300.450888905283,13790.353771458093,699.5491110947169
2025-05-01,문학,SSG,삼성,22993.0,17733.36254799129,16224.821974982957,5259.637452008708
2025-05-02,잠실,LG,SSG,23750.0,23711.890924541716,21707.36874371674,38.10907545828377
2025-05-02,수원,KT,키움,12275.0,14119.999664508396,12920.55401075874,-1844.9996645083957
2025-05-02,대구,삼성,두산,24000.0,21387.82408417347,19323.717187844926,2612.1759158265304
2025-05-02,광주,KIA,한화,20500.0,22505.8315411052,20592.19269893639,-2005.831541105199
2025-05-02,사직,롯데,NC,22669.0,25533.469608900272,23362.395008537875,-2864.469608900272
2025-05-03,사직,롯데,NC,22669.0,26744.11972916934,24422.692531571236,-4075.119729169339
2025-05-03,대구,삼성,두산,24000.0,27430.96412472253,24990.040848026343,-3430.96412472253
2025-05-03,잠실,LG,SSG,23750.0,25490.073440594897,23717.64775968998,-1740.073440594897
2025-05-03,수원,KT,키움,15210.0,17927.48914776844,16879.375906662208,-2717.4891477684396
2025-05-04,수원,KT,키움,15160.0,16202.053226322598,15114.254293581962,-1042.0532263225978
2025-05-04,잠실,LG,SSG,23750.0,25519.75554132327,23446.86026439667,-1769.7555413232694
2025-05-04,대구,삼성,두산,24000.0,25985.05330999747,23863.709449855996,-1985.053309997471
2025-05-04,광주,KIA,한화,20500.0,25745.841894237892,23870.299122382166,-5245.841894237892
2025-05-04,사직,롯데,NC,22669.0,28689.47842543364,26434.81996789555,-6020.478425433641
2025-05-05,고척,키움,KIA,16000.0,15592.90763770352,14339.843373368356,407.09236229648013
2025-05-05,잠실,두산,LG,23750.0,25755.1046986832,23667.56993498668,-2005.1046986832007
2025-05-05,수원,KT,NC,12015.0,7655.431273457204,7119.678818936781,4359.568726542796
2025-05-05,사직,롯데,SSG,22669.0,19762.790780199422,18104.719811182593,2906.2092198005776
2025-05-05,대전,한화,삼성,17000.0,11067.807844146182,10294.080916894522,5932.192155853818
2025-05-06,대전,한화,삼성,17000.0,11470.993770150219,10669.080971583198,5529.006229849781
2025-05-06,수원,KT,NC,9743.0,7621.401968324559,7136.064726095278,2121.5980316754412
2025-05-06,사직,롯데,SSG,22669.0,17042.0483725383,15933.543115511933,5626.951627461702
2025-05-06,고척,키움,KIA,16000.0,17594.350196919124,16657.3267919899,-1594.3501969191238
2025-05-06,잠실,두산,LG,23750.0,27198.69780595922,25698.52180382454,-3448.6978059592184
2025-05-07,고척,키움,KIA,16000.0,19198.346604859806,18434.863891441528,-3198.3466048598057
2025-05-07,잠실,두산,LG,23750.0,27356.16783254524,26306.891421116747,-3606.1678325452413
2025-05-07,수원,KT,NC,3598.0,7655.431273457204,7421.459180276017,-4057.431273457204
2025-05-07,사직,롯데,SSG,22669.0,21652.053111127734,20514.41035348369,1016.9468888722658
2025-05-07,대전,한화,삼성,17000.0,13063.218805579052,12436.536795850056,3936.781194420948
2025-05-09,고척,키움,한화,16000.0,17337.20565553695,16533.92043865774,-1337.205655536949
2025-05-10,잠실,두산,NC,20206.0,18639.699986759806,17562.297870701706,1566.300013240194
2025-05-10,수원,KT,롯데,18700.0,22420.627047154572,20994.370345825686,-3720.627047154572
2025-05-10,대구,삼성,LG,24000.0,27121.461082396603,25681.9444193465,-3121.461082396603
2025-05-10,고척,키움,한화,16000.0,21833.040045653437,20674.215126329396,-5833.040045653437
2025-05-10,문학,SSG,KIA,23000.0,28567.96972439418,26840.84695128709,-5567.969724394181
2025-05-10,대구,삼성,LG,24000.0,27121.461082396603,25496.51184571548,-3121.461082396603
2025-05-11,수원,KT,롯데,14470.0,20103.36254931892,18942.77626111632,-5633.362549318921
2025-05-11,잠실,두산,NC,9172.0,16198.75880844586,15010.417007855298,-7026.75880844586
2025-05-11,잠실,두산,NC,19366.0,16198.75880844586,14623.140874388433,3167.2411915541397
2025-05-11,수원,KT,롯데,18700.0,20105.35440050798,18286.78443035332,-1405.3544005079784
2025-05-11,고척,키움,한화,16000.0,21591.791740463366,19764.12300463278,-5591.791740463366
2025-05-11,문학,SSG,KIA,23000.0,28311.2157048791,25554.938284969205,-5311.215704879101
2025-05-11,문학,SSG,KIA,23000.0,28311.2157048791,25508.508190482746,-5311.215704879101
2025-05-11,대구,삼성,LG,24000.0,26692.338519925837,24159.331848813974,-2692.3385199258373
2025-05-13,포항,삼성,KT,10758.0,21015.548583037762,19067.122090425688,-10257.548583037762
2025-05-13,광주,KIA,롯데,16824.0,19567.947153657606,17585.510745371095,-2743.9471536576057
2025-05-13,문학,SSG,NC,12746.0,18854.099811412252,16729.828005694675,-6108.099811412252
2025-05-13,대전,한화,두산,17000.0,13775.3818648676,12239.838297499888,3224.6181351323994
2025-05-13,잠실,LG,키움,18080.0,22098.61928856933,19429.830312636223,-4018.619288569331
2025-05-14,대전,한화,두산,17000.0,13767.2186180433,12128.974140039618,3232.7813819567
2025-05-14,문학,SSG,NC,11409.0,19336.255723709884,17035.317891349303,-7927.2557237098845
2025-05-14,잠실,LG,키움,18286.0,22165.857255123254,19588.770101193513,-3879.8572551232537
2025-05-14,포항,삼성,KT,12120.0,21609.508942092794,18941.774223957116,-9489.508942092794
2025-05-14,광주,KIA,롯데,18641.0,19651.276944254103,17100.24546759448,-1010.276944254103
2025-05-15,포항,삼성,KT,12120.0,19077.50436382864,16441.112402562117,-6957.504363828641
2025-05-15,광주,KIA,롯데,17452.0,15773.779234688582,13493.570388945898,1678.2207653114183
2025-05-15,문학,SSG,NC,10081.0,17172.12636043181,14512.411827957088,-7091.126360431808
2025-05-15,대전,한화,두산,17000.0,12096.909755695146,10351.887993187587,4903.090244304854
2025-05-15,잠실,LG,키움,18119.0,18885.166848833742,15985.337848403744,-766.1668488337418
2025-05-17,울산,NC,키움,2297.0,16480.93126943515,13980.519073798061,-14183.93126943515
2025-05-17,사직,롯데,삼성,22669.0,27109.161650381284,22387.064417435806,-4440.161650381284
2025-05-17,사직,롯데,삼성,22669.0,27109.161650381284,22496.566290468796,-4440.161650381284
2025-05-17,대전,한화,SSG,17000.0,17421.399326287417,14570.564487569682,-421.39932628741735
2025-05-17,울산,NC,키움,5513.0,16480.93126943515,13594.794592981874,-10967.93126943515
2025-05-17,광주,KIA,두산,20500.0,26376.427020446394,21303.756730323617,-5876.427020446394
2025-05-17,광주,KIA,두산,16854.0,26376.427020446394,21195.614076583435,-9522.427020446394
2025-05-17,잠실,LG,KT,17811.0,22342.458688355775,17692.151528426755,-4531.458688355775
2025-05-17,잠실,LG,KT,22963.0,22342.458688355775,17814.570432707776,620.5413116442251
2025-05-17,대전,한화,SSG,17000.0,17493.246580716645,14343.738585934392,-493.24658071664453
2025-05-18,잠실,LG,KT,23029.0,21813.43959441195,17801.477316568467,1215.5604055880503
2025-05-18,광주,KIA,두산,20500.0,27185.54491482347,22378.54070116027,-6685.544914823469
2025-05-18,대전,한화,SSG,17000.0,16450.266090268757,13662.898237299652,549.7339097312433
2025-05-18,사직,롯데,삼성,22669.0,28270.391210799546,23202.017519807974,-5601.391210799546
2025-05-18,울산,NC,키움,6456.0,14680.897398197772,12040.906689615838,-8224.897398197772
2025-05-20,고척,키움,삼성,13106.0,13637.078154324938,10792.426457256583,-531.0781543249377
2025-05-20,잠실,두산,SSG,17782.0,16710.637200944555,13289.198304582456,1071.362799055445
2025-05-20,울산,NC,한화,4497.0,11165.48475257707,8896.936762591771,-6668.484752577069
2025-05-20,수원,KT,KIA,16064.0,16886.615941737415,13227.230054786498,-822.6159417374147
2025-05-20,사직,롯데,LG,22669.0,21609.508942092794,16893.48517354204,1059.4910579072057
2025-05-21,울산,NC,한화,4183.0,10617.178360945278,8380.006723739578,-6434.178360945278
2025-05-21,수원,KT,KIA,16302.0,18957.113285828713,14564.139871202446,-2655.113285828713
2025-05-21,사직,롯데,LG,22669.0,19503.933243341402,15140.752734961197,3165.066756658598
2025-05-21,잠실,두산,SSG,14052.0,19787.09094446826,15502.796938726799,-5735.090944468258
2025-05-21,고척,키움,삼성,13193.0,14944.295158369932,11755.911996360062,-1751.2951583699323
2025-05-22,잠실,두산,SSG,14592.0,19318.20315987922,15024.039895347889,-4726.20315987922
2025-05-22,사직,롯데,LG,22669.0,19503.933243341402,15247.554804841617,3165.066756658598
2025-05-22,고척,키움,삼성,12926.0,15300.450888905283,12092.313944484464,-2374.450888905283
2025-05-22,울산,NC,한화,5005.0,10587.134278983613,8416.66371875193,-5582.134278983613
2025-05-22,수원,KT,KIA,16705.0,17246.158668898363,13371.259361475039,-541.1586688983625
2025-05-23,대구,삼성,KIA,24000.0,21768.241183364375,16826.832531691703,2231.7588166356254
2025-05-23,고척,키움,KT,4239.0,9654.259779600538,7806.355950744676,-5415.2597796005375
2025-05-23,문학,SSG,LG,20150.0,21612.305091963644,16822.302115834256,-1462.3050919636444
2025-05-23,대전,한화,롯데,17000.0,14300.700638763496,11072.113392712086,2699.2993612365044
2025-05-23,잠실,두산,NC,17944.0,13493.991875164358,10447.530644559649,4450.008124835642
2025-05-24,대구,삼성,KIA,24000.0,26353.25039592583,20940.884083744935,-2353.2503959258283
2025-05-24,고척,키움,KT,7315.0,16618.571365139123,13300.879682130828,-9303.571365139123
2025-05-24,문학,SSG,LG,23000.0,26265.344887345804,20610.903145724136,-3265.3448873458037
2025-05-24,대전,한화,롯데,17000.0,18334.445772514744,14543.403949880305,-1334.445772514744
2025-05-24,잠실,두산,NC,22279.0,18334.445772514744,14364.106693325573,3944.554227485256
2025-05-25,대전,한화,롯데,17000.0,16518.892622731786,13084.725430569923,481.1073772682139
2025-05-25,문학,SSG,LG,23000.0,28115.177799379628,21992.23183358512,-5115.177799379628
2025-05-25,잠실,두산,NC,20534.0,16115.457814520812,12671.8934403737,4418.5421854791875
2025-05-25,대구,삼성,KIA,24000.0,27430.96412472253,21728.475249543604,-3430.96412472253
2025-05-25,고척,키움,KT,6809.0,14317.161693905009,11372.088894339016,-7508.161693905009
2025-05-27,광주,KIA,키움,15351.0,20057.417008700104,15943.172169713198,-4706.417008700104
2025-05-27,수원,KT,두산,8355.0,13732.446396965455,10966.160598849987,-5377.446396965455
2025-05-27,잠실,LG,한화,23750.0,28495.340671842954,22314.650913655623,-4745.340671842954
2025-05-27,대구,삼성,롯데,24000.0,27596.1773886371,22481.859212916752,-3596.177388637101
2025-05-27,문학,SSG,NC,12124.0,19226.287361455103,15913.36550827919,-7102.287361455103
2025-05-28,잠실,LG,한화,23750.0,28491.45582335983,23089.311019708945,-4741.455823359829
2025-05-28,수원,KT,두산,8822.0,13622.030037418877,11476.340851409863,-4800.030037418877
2025-05-28,광주,KIA,키움,16517.0,20198.95879376653,16769.514302071253,-3681.958793766531
2025-05-28,문학,SSG,NC,12747.0,19318.20315987922,15843.390701143286,-6571.20315987922
2025-05-29,잠실,LG,한화,23750.0,28706.399210868196,23481.471923355388,-4956.399210868196
2025-05-29,대구,삼성,롯데,24000.0,27132.603219792545,22663.88343883132,-3132.603219792545
2025-05-29,문학,SSG,NC,13466.0,19859.6239817384,16895.17307498629,-6393.623981738401
2025-05-29,수원,KT,두산,9238.0,13767.2186180433,11504.396353259779,-4529.2186180433
2025-05-29,광주,KIA,키움,18127.0,20389.95229046498,16915.27305147203,-2262.9522904649784
2025-05-30,잠실,LG,삼성,23750.0,28689.47842543364,24417.861648118127,-4939.478425433641
2025-05-30,사직,롯데,SSG,22669.0,25501.18081978499,21998.907799270535,-2832.1808197849896
2025-05-30,고척,키움,두산,9182.0,14151.517813836803,12177.09088351507,-4969.517813836803
2025-05-30,창원,NC,한화,12395.0,13622.030037418877,11831.904056917685,-1227.0300374188773
2025-05-30,수원,KT,KIA,18700.0,20699.254039759122,17715.825915479432,-1999.254039759122
2025-05-31,창원,NC,한화,16741.0,18324.95283223527,15734.82750055188,-1583.9528322352708
2025-05-31,수원,KT,KIA,18700.0,22083.188828063987,18918.290647717215,-3383.188828063987
2025-05-31,고척,키움,두산,13456.0,17588.755451546633,14915.105870223922,-4132.755451546633
2025-05-31,사직,롯데,SSG,22669.0,27618.011667925035,23697.97045061114,-4949.011667925035
2025-05-31,잠실,LG,삼성,23750.0,29179.155834995767,25021.689659084877,-5429.155834995767
2025-06-01,창원,NC,한화,14906.0,15705.622082051737,13641.73437037779,-799.6220820517374
2025-06-01,수원,KT,KIA,18700.0,21575.27354525097,18479.169997132034,-2875.2735452509696
2025-06-01,고척,키움,두산,12350.0,16450.266090268757,14135.476461461556,-4100.266090268757
2025-06-01,사직,롯데,SSG,22669.0,28512.205013566956,24002.13569898665,-5843.205013566956
2025-06-01,잠실,LG,삼성,23750.0,29258.205395969002,24732.57753266418,-5508.205395969002
2025-06-03,문학,SSG,삼성,23000.0,22156.830335529612,18720.55131625123,843.1696644703879
2025-06-03,창원,NC,LG,13937.0,12183.642218521518,10617.607323313825,1753.3577814784821
2025-06-03,사직,롯데,키움,22669.0,19863.364901450055,17264.14821709556,2805.635098549945
2025-06-03,잠실,두산,KIA,23750.0,28613.461636845703,25540.948313234796,-4863.461636845703
2025-06-03,대전,한화,KT,17000.0,12682.929746490674,11321.036833179765,4317.070253509326
2025-06-04,잠실,두산,KIA,23750.0,28613.461636845703,25212.467890895277,-4863.461636845703
2025-06-04,대전,한화,KT,17000.0,13153.645794472724,11840.99872712081,3846.3542055272756
2025-06-04,창원,NC,LG,5235.0,12866.937790394471,11440.466207000693,-7631.937790394471
2025-06-04,문학,SSG,삼성,15706.0,22165.857255123254,19578.08268034616,-6459.857255123254
2025-06-04,사직,롯데,키움,22669.0,20170.103815997998,17788.498546568833,2498.896184002002
2025-06-05,사직,롯데,키움,22669.0,20608.730029806553,18510.678271818673,2060.269970193447
2025-06-05,문학,SSG,삼성,19273.0,22156.830335529612,19861.895466586055,-2883.830335529612
2025-06-05,창원,NC,LG,8957.0,12682.929746490674,11270.950744493903,-3725.929746490674
2025-06-05,잠실,두산,KIA,23750.0,28491.45582335983,25108.841910544532,-4741.455823359829
2025-06-05,대전,한화,KT,17000.0,13063.218805579052,11823.202247612322,3936.781194420948
2025-06-06,광주,KIA,한화,20500.0,21917.652666614795,19796.625706953615,-1417.6526666147947
2025-06-06,고척,키움,LG,16000.0,14944.295158369932,13418.445150137755,1055.7048416300677
2025-06-06,잠실,두산,롯데,23750.0,28720.663793727494,25474.091533293176,-4970.663793727494
2025-06-06,대구,삼성,NC,24000.0,24644.532939314304,22447.51642442694,-644.5329393143038
2025-06-06,수원,KT,SSG,18700.0,14295.37435723028,13293.03769225981,4404.625642769721
2025-06-07,수원,KT,SSG,16755.0,17495.5816992136,16268.85880452854,-740.5816992135988
2025-06-07,잠실,두산,롯데,23750.0,29070.283046410375,27032.6540629648,-5320.283046410375
2025-06-07,대구,삼성,NC,24000.0,27409.58975701662,25715.368829336967,-3409.58975701662
2025-06-07,광주,KIA,한화,20500.0,25490.073440594897,24355.275797709073,-4990.073440594897
2025-06-07,고척,키움,LG,16000.0,18441.08572368235,17554.505895508384,-2441.0857236823504
2025-06-08,광주,KIA,한화,18586.0,24045.03292900309,22583.4254549781,-5459.0329290030895
2025-06-08,고척,키움,LG,16000.0,16957.187412620886,16028.76287281775,-957.1874126208859
2025-06-08,잠실,두산,롯데,23750.0,28720.663793727494,27021.001788651884,-4970.663793727494
2025-06-08,대구,삼성,NC,24000.0,26802.684730452274,25717.626695235183,-2802.6847304522744
2025-06-08,수원,KT,SSG,13026.0,16219.682685289594,15598.463020028865,-3193.682685289594
2025-06-10,수원,KT,롯데,10809.0,13767.2186180433,12997.801736940713,-2958.2186180433
2025-06-10,고척,키움,NC,4004.0,7910.017198717741,7309.7994261691965,-3906.017198717741
2025-06-10,대전,한화,두산,16691.0,13790.112452645972,12519.067700432597,2900.8875473540284
2025-06-10,잠실,LG,SSG,17221.0,19503.933243341402,17515.02768047891,-2282.933243341402
2025-06-10,광주,KIA,삼성,15887.0,21206.938536905644,18817.29660716763,-5319.938536905644
2025-06-11,광주,KIA,삼성,17320.0,21153.275020428347,18731.06876022121,-3833.2750204283475
2025-06-11,잠실,LG,SSG,18192.0,20638.406087035302,18057.52140622531,-2446.4060870353023
2025-06-11,대전,한화,두산,17000.0,13775.3818648676,12079.664699741947,3224.6181351323994
2025-06-11,고척,키움,NC,4034.0,8016.540879384502,7184.3984713943655,-3982.5408793845017
2025-06-11,수원,KT,롯데,11777.0,15022.968063821008,13175.967255061609,-3245.9680638210084
2025-06-12,수원,KT,롯데,12378.0,15374.311657611146,13209.487149851708,-2996.311657611146
2025-06-12,고척,키움,NC,4410.0,8085.704129634766,6810.7096376858335,-3675.704129634766
2025-06-12,대전,한화,두산,17000.0,13825.955160382222,11308.79910780658,3174.044839617778
2025-06-12,잠실,LG,SSG,18321.0,20608.730029806553,17128.5387949529,-2287.730029806553
2025-06-12,광주,KIA,삼성,16761.0,20831.168209694362,17127.943532868572,-4070.1682096943623
2025-06-13,창원,NC,KIA,8362.0,14758.523864695106,12129.068254592303,-6396.523864695106
2025-06-14,창원,NC,KIA,15000.0,18929.267402571048,15179.920738581868,-3929.2674025710476
2025-06-14,대구,삼성,KT,24000.0,26265.344887345804,21019.856132130342,-2265.3448873458037
2025-06-14,대전,한화,LG,17000.0,17963.221662405937,14383.126419007274,-963.2216624059365
2025-06-14,문학,SSG,롯데,23000.0,29200.56310588952,23045.62966577308,-6200.56310588952
2025-06-14,잠실,두산,키움,18390.0,21949.094212331216,17477.419022886916,-3559.094212331216
2025-06-15,문학,SSG,롯데,20960.0,28899.15874977885,23089.040978526442,-7939.15874977885
2025-06-15,대전,한화,LG,17000.0,16646.526435163967,13223.608404134642,353.4735648360329
2025-06-15,잠실,두산,키움,11744.0,20907.52105821875,16368.425347986664,-9163.52105821875
2025-06-15,창원,NC,KIA,12470.0,16957.187412620886,13032.22198004506,-4487.187412620886
2025-06-15,대구,삼성,KT,24000.0,26744.11972916934,20399.013234846527,-2744.119729169339
2025-06-17,사직,롯데,한화,22669.0,22750.340233874307,17554.765554274913,-81.34023387430716
2025-06-17,광주,KIA,KT,10596.0,17936.72384977127,14036.627114770326,-7340.7238497712715
2025-06-17,잠실,LG,NC,15069.0,21286.74365150247,16199.024062424543,-6217.743651502471
2025-06-17,대구,삼성,두산,23044.0,19787.09094446826,14767.98509977732,3256.9090555317416
2025-06-17,고척,키움,SSG,6205.0,13505.20997419968,10301.420918881895,-7300.209974199681
2025-06-18,사직,롯데,한화,22669.0,22806.24603179006,17223.809121663704,-137.24603179005862
2025-06-18,광주,KIA,KT,16311.0,20463.39884834319,16080.829144406134,-4152.3988483431895
2025-06-18,잠실,LG,NC,16103.0,21685.58711614655,17027.7515447826,-5582.587116146551
2025-06-18,대구,삼성,두산,23385.0,20306.25880827601,15907.456729236535,3078.7411917239915
2025-06-18,고척,키움,SSG,6941.0,13505.20997419968,10745.740003341,-6564.209974199681
2025-06-19,대구,삼성,두산,23355.0,20702.12885474766,16119.758614741353,2652.8711452523385
2025-06-19,잠실,LG,NC,15636.0,20854.819888559046,16415.235122718834,-5218.819888559046
2025-06-19,고척,키움,SSG,7032.0,13775.3818648676,10812.05672087058,-6743.381864867601
2025-06-19,사직,롯데,한화,22669.0,23258.383901495014,18369.453679577182,-589.3839014950136
2025-06-19,광주,KIA,KT,14079.0,20320.82461568121,16412.357731642358,-6241.824615681209
2025-06-20,사직,롯데,삼성,21911.0,21768.241183364375,17642.106247971627,142.7588166356254
2025-06-21,문학,SSG,KIA,23000.0,28647.669652366214,24039.779970358115,-5647.669652366214
2025-06-21,수원,KT,NC,13680.0,16802.77800183498,14265.441034092948,-3122.7780018349804
2025-06-21,잠실,LG,두산,23750.0,29179.155834995767,24550.811148973793,-5429.155834995767
2025-06-22,대전,한화,키움,17000.0,16202.053226322598,13817.819068373754,797.9467736774022
2025-06-22,잠실,LG,두산,23750.0,29274.018222263927,25380.864536715235,-5524.018222263927
2025-06-22,사직,롯데,삼성,22669.0,25708.252636826754,22658.22140785024,-3039.2526368267536
2025-06-22,문학,SSG,KIA,23000.0,28720.663793727494,25250.5474107692,-5720.663793727494
2025-06-22,수원,KT,NC,12059.0,14757.055412760552,13119.272390456337,-2698.055412760552
2025-06-24,고척,키움,KIA,16000.0,16380.148335835325,14268.318471707184,-380.14833583532527
2025-06-24,수원,KT,LG,9335.0,16380.148335835325,14204.115256117911,-7045.148335835325
2025-06-24,잠실,두산,SSG,12141.0,17187.270974997984,14576.341874394555,-5046.270974997984
2025-06-25,대구,삼성,한화,24000.0,20389.95229046498,17130.02027601795,3610.0477095350216
2025-06-25,고척,키움,KIA,16000.0,15386.774995569469,13236.017362401486,613.225004430531
2025-06-25,창원,NC,롯데,15587.0,20664.39943362055,17895.567007673933,-5077.399433620551
2025-06-26,창원,NC,롯데,16335.0,21836.426436494305,18609.271349761628,-5501.426436494305
2025-06-26,수원,KT,LG,13365.0,16546.088493092444,13928.904557918686,-3181.088493092444
2025-06-26,잠실,두산,SSG,13553.0,17172.12636043181,14533.899514613518,-3619.1263604318083
2025-06-26,대구,삼성,한화,24000.0,20568.96271176796,17357.726394403173,3431.0372882320407
2025-06-26,고척,키움,KIA,16000.0,16133.524931459717,13640.04590897316,-133.52493145971675
2025-06-27,문학,SSG,한화,23000.0,27356.16783254524,23567.64079267759,-4356.167832545241
2025-06-27,잠실,LG,KIA,23750.0,29394.569959341337,25339.703188749558,-5644.569959341337
2025-06-27,사직,롯데,KT,22669.0,24262.347233559314,21211.448414616734,-1593.3472335593142
2025-06-27,창원,NC,두산,8025.0,14472.580469973966,12808.551179329395,-6447.580469973966
2025-06-27,고척,키움,삼성,16000.0,15606.417060292091,13418.892078679019,393.58293970790874
2025-06-28,문학,SSG,한화,23183.0,28311.2157048791,24763.49089435302,-5128.215704879101
2025-06-28,잠실,LG,KIA,23750.0,29271.02615284073,25594.76920518261,-5521.026152840732
2025-06-28,사직,롯데,KT,22669.0,26063.411729292966,23136.83353866935,-3394.411729292966
2025-06-28,창원,NC,두산,12961.0,18324.95283223527,16737.236274251314,-5363.952832235271
2025-06-28,고척,키움,삼성,16000.0,19803.261781709327,17772.173021122617,-3803.261781709327
2025-06-29,창원,NC,두산,9894.0,16450.266090268757,14814.897024188813,-6556.266090268757
2025-06-29,사직,롯데,KT,22669.0,25519.75554132327,22479.82496419167,-2850.7555413232694
2025-06-29,고척,키움,삼성,16000.0,18334.445772514744,16140.48155878599,-2334.445772514744
2025-06-29,문학,SSG,한화,23000.0,28311.2157048791,25031.113958972972,-5311.215704879101
2025-06-29,잠실,LG,KIA,23750.0,29155.81555133584,25741.998110435336,-5405.81555133584
2025-07-01,수원,KT,키움,5616.0,10936.613726167887,9777.127038358869,-5320.613726167887
2025-07-01,잠실,두산,삼성,18022.0,24353.93225938597,21047.682099348698,-6331.932259385969
2025-07-01,사직,롯데,LG,19627.0,21992.380976709635,18839.126556277835,-2365.3809767096354
2025-07-01,대전,한화,NC,17000.0,14029.451534774418,11940.310673922027,2970.548465225582
2025-07-01,광주,KIA,SSG,11782.0,18382.783818270145,15794.342669366166,-6600.783818270145
2025-07-02,사직,롯데,LG,20661.0,22272.47307879738,18982.263676327675,-1611.4730787973785
2025-07-02,대전,한화,NC,17000.0,14057.104974585058,12241.617874437281,2942.895025414942
2025-07-02,잠실,두산,삼성,20448.0,24305.084944963117,21359.742629000688,-3857.084944963117
2025-07-02,수원,KT,키움,6787.0,11415.00120879899,9965.21173316956,-4628.001208798991
2025-07-02,광주,KIA,SSG,11827.0,20043.379852617265,17194.88266367755,-8216.379852617265
2025-07-03,사직,롯데,LG,21914.0,22165.857255123254,18879.038112677423,-251.8572551232537
2025-07-03,대전,한화,NC,17000.0,14151.517813836803,12182.568051666136,2848.482186163197
2025-07-03,광주,KIA,SSG,13013.0,20306.25880827601,17602.031533008165,-7293.2588082760085
2025-07-03,잠실,두산,삼성,21525.0,23968.684053927554,20755.49736137729,-2443.6840539275545
2025-07-03,수원,KT,키움,8540.0,11470.993770150219,9886.6582476558,-2930.9937701502186
2025-07-04,창원,NC,SSG,11147.0,11062.430281066649,9399.182864678436,84.5697189333514
2025-07-04,광주,KIA,롯데,20500.0,20915.965089236983,17364.6477440305,-415.96508923698275
2025-07-04,대구,삼성,LG,24000.0,22803.72762485544,18810.344388071775,1196.2723751445592
2025-07-04,고척,키움,한화,16000.0,18918.26498045769,15646.598296541699,-2918.2649804576904
2025-07-04,잠실,두산,KT,16101.0,14944.295158369932,12555.329795577589,1156.7048416300677
2025-07-05,고척,키움,한화,16000.0,21949.094212331216,18443.991200329812,-5949.094212331216
2025-07-05,잠실,두산,KT,19774.0,19803.261781709327,16407.548553126082,-29.261781709326897
2025-07-05,대구,삼성,LG,24000.0,26338.005862343754,21650.024702287334,-2338.0058623437544
2025-07-05,광주,KIA,롯데,20500.0,23095.33490572904,19034.93963257318,-2595.3349057290397
2025-07-05,창원,NC,SSG,12028.0,16701.380405130007,13971.601371174393,-4673.380405130007
2025-07-06,고척,키움,한화,16000.0,20433.600784322316,16960.698841242644,-4433.600784322316
2025-07-06,잠실,두산,KT,23750.0,16975.741178312142,14260.529524808338,6774.258821687858
2025-07-06,대구,삼성,LG,24000.0,25827.431030585747,21742.20951310504,-1827.431030585747
2025-07-06,광주,KIA,롯데,20500.0,22084.580480447137,18881.127483769807,-1584.5804804471372
2025-07-06,창원,NC,SSG,7726.0,14962.518540275221,12730.801979442349,-7236.518540275221
2025-07-08,창원,NC,삼성,8294.0,18382.783818270145,15157.836999824922,-10088.783818270145
2025-07-08,사직,롯데,두산,18541.0,18489.97951754298,15327.433023963902,51.02048245702099
2025-07-08,잠실,LG,키움,16098.0,22963.320191856892,19055.19390828861,-6865.320191856892
2025-07-08,대전,한화,KIA,17000.0,13874.260483740234,11432.703207449618,3125.739516259766
2025-07-08,문학,SSG,KT,10812.0,14409.543772885016,11873.788696933665,-3597.5437728850156
2025-07-09,대전,한화,KIA,17000.0,13874.260483740234,11410.632176132995,3125.739516259766
2025-07-09,문학,SSG,KT,10259.0,14944.295158369932,12200.937086745489,-4685.295158369932
2025-07-09,사직,롯데,두산,19071.0,18753.405093832564,15103.47803595473,317.5949061674364
2025-07-09,창원,NC,삼성,9220.0,19650.14335711336,15781.311194964203,-10430.14335711336
2025-07-09,잠실,LG,키움,16400.0,22806.24603179006,18407.021468030915,-6406.246031790059
2025-07-10,잠실,LG,키움,16628.0,22476.610955561253,18309.538750559583,-5848.610955561253
2025-07-10,창원,NC,삼성,10106.0,19567.947153657606,15770.495157833664,-9461.947153657606
2025-07-10,사직,롯데,두산,21199.0,18968.048660659068,15072.56150396668,2230.9513393409325
2025-07-10,대전,한화,KIA,17000.0,14029.451534774418,11336.55375162669,2970.548465225582
2025-07-10,문학,SSG,KT,10817.0,15489.466805302389,12401.378268127939,-4672.466805302389
2025-07-18,수원,KT,한화,18700.0,18399.231582953522,14799.73940939255,300.76841704647813
2025-07-18,잠실,LG,롯데,23750.0,29274.018222263927,23909.67427578947,-5524.018222263927
2025-07-19,수원,KT,한화,18700.0,21418.47544989989,17607.78728213431,-2718.475449899888
2025-07-19,잠실,LG,롯데,23750.0,29271.02615284073,23808.821935209708,-5521.026152840732
2025-07-19,문학,SSG,두산,19877.0,25192.399302115085,20811.49233710417,-5315.399302115085
2025-07-20,대구,삼성,키움,24000.0,25985.05330999747,21627.220469626507,-1985.053309997471
2025-07-20,광주,KIA,NC,16985.0,21679.270883533005,18327.971055694594,-4694.270883533005
2025-07-20,문학,SSG,두산,18102.0,26694.94733753733,22446.196077708075,-8592.94733753733
2025-07-20,수원,KT,한화,18700.0,21165.954456164636,17592.46324242209,-2465.954456164636
2025-07-20,잠실,LG,롯데,23750.0,29155.81555133584,24147.312397829868,-5405.81555133584
2025-07-22,잠실,두산,한화,23750.0,24838.94382528161,21049.513008976704,-1088.9438252816108
2025-07-22,창원,NC,KT,6302.0,8074.255683039218,6945.069861645632,-1772.2556830392177
2025-07-22,광주,KIA,LG,12468.0,20119.680108603505,16730.22464265359,-7651.680108603505
2025-07-22,고척,키움,롯데,15362.0,18677.291962816103,15177.59631999261,-3315.2919628161035
2025-07-22,대구,삼성,SSG,22896.0,20170.103815997998,16220.730856373859,2725.896184002002
2025-07-23,대구,삼성,SSG,23304.0,20854.819888559046,17290.21680876482,2449.1801114409536
2025-07-23,광주,KIA,LG,12172.0,20638.406087035302,17618.833448507554,-8466.406087035302
2025-07-23,고척,키움,롯데,15325.0,19650.14335711336,16569.914311219367,-4325.14335711336
2025-07-23,잠실,두산,한화,23750.0,25206.352551559918,21223.213791821796,-1456.3525515599176
2025-07-23,창원,NC,KT,6375.0,9185.613068351233,7835.775301304951,-2810.613068351233
2025-07-24,잠실,두산,한화,23750.0,25206.352551559918,21318.828936786264,-1456.3525515599176
2025-07-24,창원,NC,KT,5157.0,8085.704129634766,6928.170874754079,-2928.704129634766
2025-07-24,광주,KIA,LG,12364.0,20479.19485348354,17376.080165130898,-8115.194853483539
2025-07-24,고척,키움,롯데,15216.0,19650.14335711336,16456.510920834753,-4434.14335711336
2025-07-24,대구,삼성,SSG,24000.0,20867.924002431435,17681.57436352981,3132.075997568565
2025-07-25,창원,NC,키움,6171.0,10562.921306143884,9081.71093031576,-4391.921306143884
2025-07-25,수원,KT,삼성,18700.0,19790.38820043099,16675.841991923717,-1090.388200430989
2025-07-25,사직,롯데,KIA,22669.0,24877.36434881231,21312.869857615857,-2208.364348812309
2025-07-25,잠실,두산,LG,20007.0,29155.81555133584,25048.581655030564,-9148.81555133584
2025-07-25,대전,한화,SSG,17000.0,14758.523864695106,12752.244088722491,2241.4761353048943
2025-07-26,사직,롯데,KIA,22669.0,26961.07737885201,23569.364280525933,-4292.077378852009
2025-07-26,잠실,두산,LG,23750.0,29179.155834995767,25698.338249833945,-5429.155834995767
2025-07-26,대전,한화,SSG,17000.0,17337.20565553695,15269.028952118317,-337.20565553694905
2025-07-26,수원,KT,삼성,18700.0,20566.929730849562,18056.135017817796,-1866.9297308495625
2025-07-26,창원,NC,키움,10690.0,16434.304658656474,14291.909551818992,-5744.304658656474
2025-07-27,사직,롯데,KIA,22669.0,27185.54491482347,23232.012333567887,-4516.544914823469
2025-07-27,잠실,두산,LG,20780.0,29155.81555133584,24852.108877809616,-8375.81555133584
2025-07-27,대전,한화,SSG,17000.0,16248.705354463696,13951.35266835049,751.2946455363035
2025-07-27,수원,KT,삼성,18700.0,19228.269835179515,16474.895375700493,-528.2698351795152
2025-07-27,창원,NC,키움,8115.0,14637.332354440086,12541.352975895807,-6522.332354440086
2025-07-29,문학,SSG,키움,10177.0,22476.610955561253,18681.765211922888,-12299.610955561253
2025-07-29,대전,한화,삼성,17000.0,13395.635055850764,10835.797596478535,3604.364944149236
2025-07-29,사직,롯데,NC,22669.0,23042.89039944494,19043.79015824763,-373.89039944493925
2025-07-29,잠실,LG,KT,17294.0,19745.444284833266,16648.948808398964,-2451.4442848332656
2025-07-29,광주,KIA,두산,14329.0,21850.75776224405,18493.338679915323,-7521.757762244051
2025-07-30,잠실,LG,KT,17782.0,20297.631581901707,16893.67645206732,-2515.6315819017072
2025-07-30,사직,롯데,NC,22669.0,23121.042481633296,19034.210797289084,-452.0424816332961
2025-07-30,광주,KIA,두산,15391.0,22272.47307879738,18719.052849628286,-6881.473078797379
2025-07-30,대전,한화,삼성,17000.0,13153.645794472724,11056.495619672953,3846.3542055272756
2025-07-30,문학,SSG,키움,10514.0,21521.252692250386,17851.775233976194,-11007.252692250386
2025-07-31,잠실,LG,KT,17630.0,20248.777065643935,16933.70984626616,-2618.777065643935
2025-07-31,사직,롯데,NC,22669.0,23250.077092944583,19210.291436434072,-581.0770929445825
2025-07-31,광주,KIA,두산,15584.0,21850.75776224405,18681.65166667282,-6266.757762244051
2025-07-31,대전,한화,삼성,17000.0,13755.557789916951,11833.172028957215,3244.442210083049
2025-07-31,문학,SSG,키움,10917.0,21594.660434516696,18639.913931653384,-10677.660434516696
2025-08-01,고척,키움,롯데,16000.0,18981.901279319995,15977.377128563974,-2981.9012793199945
2025-08-01,잠실,두산,SSG,15073.0,20297.631581901707,17412.035650083468,-5224.631581901707
2025-08-01,창원,NC,KT,7590.0,10896.770640212779,9282.823669431076,-3306.7706402127787
2025-08-01,광주,KIA,한화,20500.0,22162.69660922453,18332.05597898659,-1662.6966092245311
2025-08-01,대구,삼성,LG,24000.0,22667.160850494864,18767.654441709856,1332.8391495051364
2025-08-02,창원,NC,KT,9940.0,16470.26328513424,13825.906997858634,-6530.263285134239
2025-08-02,대구,삼성,LG,24000.0,26070.00883165967,21340.158512989343,-2070.0088316596702
2025-08-02,고척,키움,롯데,16000.0,21654.503595570568,17734.631365648605,-5654.503595570568
2025-08-02,잠실,두산,SSG,17278.0,21833.040045653437,17845.043407107594,-4555.040045653437
2025-08-03,창원,NC,KT,7561.0,14545.863251251974,11855.011597608513,-6984.863251251974
2025-08-03,대구,삼성,LG,24000.0,24045.03292900309,19473.534037938676,-45.03292900308952
2025-08-03,고척,키움,롯데,16000.0,19917.54285492578,16174.248729772464,-3917.5428549257813
2025-08-03,잠실,두산,SSG,14422.0,19917.54285492578,16018.112134217245,-5495.542854925781
2025-08-05,문학,SSG,삼성,13850.0,22963.320191856892,18370.5046774881,-9113.320191856892
2025-08-05,잠실,LG,두산,20239.0,28075.198102195598,22236.664599252475,-7836.198102195598
2025-08-05,창원,NC,키움,6661.0,8074.255683039218,6555.671367081606,-1413.2556830392177
2025-08-05,사직,롯데,KIA,22669.0,20529.603776781132,16550.073195370285,2139.396223218868
2025-08-05,대전,한화,KT,16783.0,12682.929746490674,10342.340516345892,4100.070253509326
2025-08-06,창원,NC,키움,5776.0,8278.437373204599,6670.769853190303,-2502.4373732045988
2025-08-06,문학,SSG,삼성,12003.0,20116.572672845916,15829.956500591537,-8113.572672845916
2025-08-06,잠실,LG,두산,20427.0,25821.579696049244,20220.79107235548,-5394.579696049244
2025-08-06,사직,롯데,KIA,20944.0,20608.730029806553,16228.022234537886,335.2699701934471
2025-08-06,대전,한화,KT,13919.0,10662.32834100184,8365.720209021203,3256.6716589981606
2025-08-07,사직,롯데,KIA,22104.0,22272.47307879738,17421.335079578912,-168.47307879737855
2025-08-07,대전,한화,KT,17000.0,11461.509627463325,9061.031960999991,5538.490372536675
2025-08-07,잠실,LG,두산,21392.0,28321.470675131328,22691.128200137322,-6929.470675131328
2025-08-07,문학,SSG,삼성,15174.0,23109.01757880248,18657.491380805608,-7935.017578802479
2025-08-07,창원,NC,키움,5893.0,9065.040032514968,7207.402252736313,-3172.0400325149676
2025-08-08,잠실,LG,한화,23750.0,29675.320794876527,23122.522626315593,-5925.320794876527
2025-08-08,창원,NC,KIA,12141.0,14944.295158369932,11809.781648781427,-2803.2951583699323
2025-08-08,고척,키움,두산,12841.0,13917.341298426949,11026.16469426391,-1076.341298426949
2025-08-08,사직,롯데,SSG,20091.0,24644.532939314304,19397.22211082663,-4553.532939314304
2025-08-08,수원,KT,삼성,18700.0,18653.418357068716,14835.24257574313,46.58164293128357
2025-08-09,잠실,LG,한화,23750.0,29274.018222263927,23815.28842364941,-5524.018222263927
2025-08-09,고척,키움,두산,16000.0,17493.246580716645,14324.517130485197,-1493.2465807166445
2025-08-09,수원,KT,삼성,18700.0,20566.929730849562,16571.596450230845,-1866.9297308495625
2025-08-10,수원,KT,삼성,18700.0,19481.672347879474,15977.040939840785,-781.6723478794738
2025-08-10,사직,롯데,SSG,22062.0,24644.532939314304,19996.92619617334,-2582.532939314304
2025-08-10,고척,키움,두산,15111.0,16434.304658656474,13498.413190307418,-1323.3046586564742
2025-08-10,창원,NC,KIA,10773.0,16957.187412620886,13867.622607586929,-6184.187412620886
2025-08-10,잠실,LG,한화,23750.0,30013.49825306054,24703.200847832475,-6263.498253060541
2025-08-12,대구,삼성,KIA,22522.0,16133.524931459717,13272.400739231573,6388.475068540283
2025-08-12,수원,KT,LG,14407.0,19975.711133003537,16646.872904582277,-5568.711133003537
2025-08-12,대전,한화,롯데,17000.0,12710.839213999368,10592.337734530724,4289.160786000632
2025-08-12,잠실,두산,NC,11590.0,13307.81256552299,11158.561916005478,-1717.8125655229906
2025-08-12,문학,SSG,키움,10091.0,22272.47307879738,18359.484798278198,-12181.473078797379
2025-08-13,대구,삼성,KIA,24000.0,18854.099811412252,15647.733334157392,5145.900188587748
2025-08-13,대전,한화,롯데,17000.0,12700.548937961563,10568.390898080146,4299.451062038437
2025-08-14,대구,삼성,KIA,24000.0,20689.51339784526,17223.537304115336,3310.4866021547386
2025-08-14,대전,한화,롯데,17000.0,13825.955160382222,11923.003805242884,3174.044839617778
2025-08-14,잠실,두산,NC,10938.0,12254.742935171604,10668.475146231014,-1316.7429351716037
2025-08-14,문학,SSG,키움,9461.0,17806.609350767205,15224.597735984367,-8345.609350767205
2025-08-15,문학,SSG,LG,23000.0,24485.462744337365,20473.887210751313,-1485.4627443373647
2025-08-15,사직,롯데,삼성,22669.0,24644.532939314304,20973.920862239247,-1975.5329393143038
2025-08-15,고척,키움,KT,11585.0,9883.149667238336,8420.288829922543,1701.8503327616636
2025-08-15,창원,NC,한화,17983.0,13835.10650455732,11664.430946189234,4147.89349544268
2025-08-15,잠실,두산,KIA,23750.0,29274.018222263927,24517.37321596694,-5524.018222263927
2025-08-16,창원,NC,한화,17983.0,18334.445772514744,15613.203898054178,-351.445772514744
2025-08-16,잠실,두산,KIA,23750.0,29179.155834995767,25426.86530391319,-5429.155834995767
2025-08-16,고척,키움,KT,10163.0,16467.095619472795,14349.511158949346,-6304.095619472795
2025-08-16,문학,SSG,LG,23000.0,26692.338519925837,23173.25275197982,-3692.3385199258373
2025-08-16,사직,롯데,삼성,22669.0,26792.824733481564,23706.876929528367,-4123.824733481564
2025-08-17,창원,NC,한화,12179.0,15856.85370086701,14097.531811346402,-3677.85370086701
2025-08-17,잠실,두산,KIA,23750.0,29179.155834995767,25629.668467109408,-5429.155834995767
2025-08-17,고척,키움,KT,8838.0,14434.78359231418,12678.86980547176,-5596.783592314179
2025-08-17,문학,SSG,LG,23000.0,26063.411729292966,22586.807353217515,-3063.411729292966
2025-08-17,사직,롯데,삼성,22669.0,26399.052617201916,23063.8419464086,-3730.0526172019163
2025-08-19,창원,NC,삼성,8343.0,18968.048660659068,16695.123451340547,-10625.048660659068
2025-08-19,수원,KT,SSG,8853.0,10745.492290325841,9216.106056188313,-1892.4922903258412
2025-08-19,광주,KIA,키움,11023.0,20119.680108603505,17049.59353351608,-9096.680108603505
2025-08-19,잠실,LG,롯데,23750.0,26718.980196673638,22652.853067724078,-2968.9801966736377
2025-08-19,대전,한화,두산,16580.0,13898.251112245322,11783.198236855655,2681.7488877546784
2025-08-20,잠실,LG,롯데,23750.0,26676.213574247202,22356.639897702466,-2926.213574247202
2025-08-20,대전,한화,두산,16054.0,13874.260483740234,11840.243663029072,2179.739516259766
2025-08-20,수원,KT,SSG,9062.0,11415.00120879899,9723.811126576444,-2353.001208798991
2025-08-20,창원,NC,삼성,9430.0,19110.595868207256,16200.034078528737,-9680.595868207256
2025-08-20,광주,KIA,키움,10503.0,20479.19485348354,17337.994023197993,-9976.19485348354
2025-08-21,광주,KIA,키움,10061.0,20479.19485348354,16884.68832860505,-10418.19485348354
2025-08-21,창원,NC,삼성,9832.0,19217.117704663357,15625.442231524023,-9385.117704663357
2025-08-21,수원,KT,SSG,9912.0,12753.067278097236,10073.19930295141,-2841.0672780972363
2025-08-21,잠실,LG,롯데,23750.0,27411.265404002515,21332.559190079788,-3661.2654040025154
2025-08-21,대전,한화,두산,16369.0,14057.104974585058,11235.171069309104,2311.895025414942
2025-08-22,잠실,두산,KT,16397.0,15743.661914109927,12761.515978223535,653.3380858900728
2025-08-22,광주,KIA,LG,14633.0,22229.65375416021,17778.21727652754,-7596.653754160208
2025-08-22,창원,NC,롯데,17983.0,23122.01534012397,18187.161528829958,-5139.0153401239695
2025-08-22,대전,한화,SSG,16446.0,14758.523864695106,11763.517913858695,1687.4761353048943
2025-08-22,대구,삼성,키움,24000.0,22507.197767124446,17882.98952283212,1492.8022328755542
2025-08-23,대구,삼성,키움,24000.0,26070.00883165967,20724.493152749874,-2070.0088316596702
2025-08-23,대전,한화,SSG,17000.0,17395.4131554822,14000.231601639127,-395.41315548220155
2025-08-23,광주,KIA,LG,20500.0,24909.96321720888,19772.36410631886,-4409.963217208879
2025-08-23,잠실,두산,KT,21834.0,19790.38820043099,16044.18278568543,2043.611799569011
2025-08-23,창원,NC,롯데,17983.0,25490.073440594897,20616.2079269571,-7507.073440594897
2025-08-24,잠실,두산,KT,17905.0,17495.5816992136,14015.860897894057,409.41830078640123
2025-08-24,광주,KIA,LG,15128.0,23906.150404883596,19375.915200935473,-8778.150404883596
2025-08-24,창원,NC,롯데,17983.0,25490.073440594897,20299.25416151681,-7507.073440594897
2025-08-24,대전,한화,SSG,17000.0,16450.266090268757,13347.03673998347,549.7339097312433
2025-08-24,대구,삼성,키움,24000.0,25416.560574785603,20371.804206629826,-1416.5605747856025
2025-08-26,고척,키움,한화,16000.0,17503.09858154297,14067.236473658806,-1503.0985815429704
2025-08-26,문학,SSG,KIA,17488.0,24776.152661211647,20223.712471211576,-7288.152661211647
2025-08-26,사직,롯데,KT,16116.0,21521.252692250386,17871.646108932408,-5405.252692250386
2025-08-26,창원,NC,LG,6496.0,11986.921842722548,10054.281865023566,-5490.921842722548
2025-08-26,잠실,두산,삼성,20491.0,24163.499049551618,19583.901647100116,-3672.4990495516176
2025-08-27,창원,NC,LG,8337.0,11165.48475257707,9120.956925008102,-2828.4847525770692
2025-08-27,사직,롯데,KT,16826.0,21609.508942092794,17106.33400716304,-4783.508942092794
2025-08-27,잠실,두산,삼성,21198.0,21837.774631746266,17314.67992483447,-639.7746317462661
2025-08-27,고척,키움,한화,16000.0,17068.36754523237,13872.834620346111,-1068.3675452323696
2025-08-27,문학,SSG,KIA,17688.0,25501.18081978499,21001.6283284903,-7813.18081978499
2025-08-28,잠실,두산,삼성,23126.0,24175.680197507238,20194.875362828414,-1049.6801975072376
2025-08-28,창원,NC,LG,9528.0,11461.509627463325,9819.819352016431,-1933.5096274633252
2025-08-28,고척,키움,한화,16000.0,18382.783818270145,15740.559402447136,-2382.7838182701453
2025-08-28,문학,SSG,KIA,17833.0,25533.469608900272,22118.383790097647,-7700.469608900272
2025-08-28,사직,롯데,KT,17273.0,20628.708219094566,17669.453993540323,-3355.7082190945657
2025-08-29,수원,KT,KIA,18700.0,19811.897031127686,16999.1891218031,-1111.8970311276862
2025-08-29,문학,SSG,NC,11509.0,20907.52105821875,18018.232218510348,-9398.52105821875
2025-08-29,대전,한화,삼성,17000.0,14714.846055789465,12605.957259490848,2285.153944210535
2025-08-29,잠실,LG,키움,22231.0,24047.999365208252,20562.74226147466,-1816.9993652082521
2025-08-29,사직,롯데,두산,19473.0,19217.117704663357,16614.315681286687,255.88229533664344
2025-08-30,수원,KT,KIA,18700.0,21949.094212331216,18813.313058685395,-3249.094212331216
2025-08-30,문학,SSG,NC,20449.0,22342.458688355775,18956.2796929569,-1893.458688355775
2025-08-30,사직,롯데,두산,22669.0,21249.43902519662,18149.109637494952,1419.5609748033785
2025-08-30,대전,한화,삼성,17000.0,17588.755451546633,15085.091653401145,-588.7554515466327
2025-08-30,잠실,LG,키움,23750.0,26063.411729292966,22146.80350234393,-2313.411729292966
2025-08-31,잠실,LG,키움,22503.0,25985.05330999747,22325.982113055994,-3482.053309997471
2025-08-31,대전,한화,삼성,17000.0,16606.428859735304,14393.227204270157,393.5711402646957
2025-08-31,사직,롯데,두산,20350.0,19545.010182289065,17000.17702493365,804.9898177109353
2025-08-31,수원,KT,KIA,18700.0,21654.503595570568,18919.066177690514,-2954.503595570568
2025-08-31,문학,SSG,NC,13129.0,21909.208625749638,19202.678871744563,-8780.208625749638
2025-09-02,대전,한화,KIA,16730.0,12710.839213999368,10914.006835436676,4019.1607860006316
2025-09-02,잠실,LG,롯데,23750.0,27411.265404002515,23569.164781566367,-3661.2654040025154
2025-09-02,수원,KT,NC,6710.0,8085.704129634766,7035.408289991255,-1375.704129634766
2025-09-02,문학,SSG,키움,11112.0,22156.830335529612,18936.97429490116,-11044.830335529612
2025-09-03,수원,KT,롯데,14910.0,14994.626608554168,12929.10243276203,-84.62660855416834
2025-09-03,대전,한화,NC,17000.0,13732.446396965455,11715.098679586103,3267.5536030345447
2025-09-03,광주,KIA,SSG,14468.0,17847.766301588097,15479.429996962906,-3379.766301588097
2025-09-03,대구,삼성,키움,22446.0,20699.254039759122,17872.4892798163,1746.745960240878
2025-09-04,수원,KT,LG,12424.0,17529.178378940203,15171.20766922704,-5105.178378940203
2025-09-04,창원,NC,두산,5335.0,11167.680049120692,9599.944363907895,-5832.680049120692
2025-09-05,문학,SSG,롯데,21529.0,25501.18081978499,21404.66373316652,-3972.1808197849896
2025-09-05,창원,NC,두산,6590.0,13835.10650455732,11576.395963917195,-7245.10650455732
2025-09-05,대구,삼성,키움,24000.0,22529.90090221946,18743.128278812557,1470.0990977805413
2025-09-06,창원,NC,KIA,15040.0,18929.267402571048,15996.031155889139,-3889.2674025710476
2025-09-06,대구,삼성,한화,24000.0,27185.54491482347,22848.41154344956,-3185.5449148234693
2025-09-07,대구,삼성,한화,24000.0,26072.079374667657,22200.218936448317,-2072.0793746676572
2025-09-07,창원,NC,KIA,11095.0,17025.410440424945,14645.018608511227,-5930.410440424945
2025-09-07,잠실,LG,SSG,23750.0,23906.150404883596,20547.503137135784,-156.1504048835959
2025-09-09,사직,롯데,한화,18109.0,18331.50124827551,15958.981686988831,-222.50124827550826
2025-09-09,고척,키움,LG,14773.0,13505.20997419968,11666.028238142866,1267.7900258003192
2025-09-09,수원,KT,두산,12252.0,12096.909755695146,10356.272368899536,155.09024430485442
2025-09-10,잠실,두산,LG,17856.0,28077.991414394837,23740.90397445952,-10221.991414394837
2025-09-10,사직,롯데,한화,22011.0,21100.96604269983,17751.858218085643,910.0339573001693
2025-09-10,창원,NC,SSG,4514.0,8289.43027238732,6964.801401173695,-3775.4302723873207
2025-09-10,광주,KIA,삼성,9793.0,20702.12885474766,16970.068234144834,-10909.128854747662
2025-09-11,잠실,LG,KT,20722.0,20602.207170849277,16416.589086793167,119.79282915072326
2025-09-11,광주,KIA,롯데,9614.0,18303.986506249013,14531.820479695334,-8689.986506249013
2025-09-11,고척,키움,NC,7035.0,7910.017198717741,6184.0723348695365,-875.0171987177409
2025-09-11,대구,삼성,SSG,24000.0,18548.617719898917,14096.322181927804,5451.382280101083
2025-09-12,광주,KIA,두산,9617.0,21609.508942092794,16610.324637306312,-11992.508942092794
2025-09-13,대전,한화,키움,17000.0,17295.19249441649,13194.476111407608,-295.19249441648935
2025-09-13,사직,롯데,SSG,22669.0,25519.75554132327,19480.28285540206,-2850.7555413232694
2025-09-13,잠실,LG,KIA,23750.0,30588.947864926413,23295.57765051926,-6838.947864926413
2025-09-13,대구,삼성,KT,24000.0,25490.073440594897,20124.766557065766,-1490.073440594897
2025-09-13,창원,NC,두산,12658.0,18264.91461814892,14806.454037559002,-5606.9146181489195
2025-09-14,잠실,LG,KIA,23750.0,29476.362757676066,23786.151327783427,-5726.362757676066
2025-09-14,대구,삼성,KT,24000.0,26072.079374667657,21327.657765593336,-2072.0793746676572
2025-09-14,창원,NC,두산,11711.0,16467.095619472795,13727.944221961954,-4756.095619472795
2025-09-14,대전,한화,키움,17000.0,16219.682685289594,13236.134015302203,780.3173147104062
2025-09-15,대전,한화,키움,17000.0,11461.509627463325,9439.222664211713,5538.490372536675
2025-09-16,광주,KIA,한화,9197.0,17219.315729446593,14510.52603053051,-8022.315729446593
2025-09-16,수원,KT,LG,11481.0,16133.524931459717,13269.252140800536,-4652.524931459717
2025-09-16,대구,삼성,롯데,24000.0,26995.399616715295,22419.29407704812,-2995.3996167152945
2025-09-16,창원,NC,SSG,5145.0,8181.737045599009,6794.815838650734,-3036.7370455990094
2025-09-16,잠실,두산,키움,12716.0,17294.252243816074,14081.98379044557,-4578.252243816074
2025-09-17,광주,KIA,한화,6782.0,16617.36145200115,13223.305105930822,-9835.36145200115
2025-09-17,창원,NC,SSG,5083.0,8473.121872810934,6503.248582519233,-3390.1218728109343
2025-09-17,잠실,두산,키움,10037.0,17466.42767014606,13233.533879831983,-7429.4276701460585
2025-09-18,잠실,두산,키움,13498.0,18854.099811412252,13860.898070733101,-5356.099811412252
2025-09-18,창원,NC,삼성,12039.0,16133.524931459717,11738.821632834162,-4094.5249314597168
2025-09-18,수원,KT,LG,7016.0,17529.178378940203,12675.708918632346,-10513.178378940203
2025-09-18,수원,KT,LG,14875.0,17697.65247667432,12645.566528813459,-2822.6524766743205
2025-09-18,광주,KIA,한화,10841.0,16985.577653434742,12053.725938142517,-6144.577653434742
2025-09-19,창원,NC,롯데,17983.0,22931.963878515988,15853.464327759732,-4948.963878515988
2025-09-20,수원,KT,한화,18700.0,22178.25543347283,15822.301910170801,-3478.25543347283
2025-09-20,광주,KIA,NC,17739.0,23350.38409837025,16999.604247497024,-5611.38409837025
2025-09-20,문학,SSG,두산,23000.0,27185.54491482347,19658.69339744473,-4185.544914823469
2025-09-20,잠실,LG,삼성,23750.0,29692.84891623994,22123.64518869467,-5942.848916239938
2025-09-20,사직,롯데,키움,22669.0,25519.75554132327,19713.90144129942,-2850.7555413232694
2025-09-21,광주,KIA,NC,13805.0,21778.291826371937,16776.09858665862,-7973.291826371937
2025-09-21,문학,SSG,두산,23000.0,26815.673009231472,20840.635603582625,-3815.673009231472
2025-09-21,수원,KT,삼성,18700.0,19803.261781709327,15585.584617181388,-1103.261781709327
2025-09-22,문학,SSG,두산,13067.0,20664.39943362055,16128.811092961789,-7597.399433620551
2025-09-23,수원,KT,키움,12632.0,10689.149466498257,8155.735124233737,1942.8505335017435
2025-09-23,대구,삼성,두산,23950.0,19110.595868207256,14224.944557883646,4839.404131792744
2025-09-23,문학,SSG,KIA,19974.0,25352.064402146632,19340.261499614684,-5378.064402146632
2025-09-23,울산,롯데,NC,9690.0,18331.50124827551,13870.983625214567,-8641.501248275508
2025-09-24,고척,키움,KIA,16000.0,15630.103321702973,11460.092945522487,369.8966782970274
2025-09-24,창원,NC,LG,10764.0,10467.10261588126,7748.172109057105,296.89738411873986
2025-09-24,대구,삼성,롯데,23940.0,26995.399616715295,19707.003853495695,-3055.3996167152945
2025-09-25,잠실,두산,한화,23750.0,24358.106841241548,18058.977190989954,-608.106841241548
2025-09-25,문학,SSG,KT,15279.0,13995.896593615416,10710.523724295123,1283.1034063845836
2025-09-25,울산,롯데,LG,9315.0,17292.342292342844,13340.87585220375,-7977.342292342844
2025-09-25,대구,삼성,키움,23089.0,16646.30881245513,12441.570102971662,6442.691187544871
2025-09-26,문학,SSG,KT,19087.0,16401.26107862508,12741.075500669518,2685.7389213749193
2025-09-26,대전,한화,LG,17000.0,14714.846055789465,11584.755291253954,2285.153944210535
2025-09-26,잠실,두산,NC,18418.0,14281.086719836407,11482.57778318905,4136.913280163593
2025-09-26,사직,롯데,삼성,22669.0,24741.1711592517,20433.984544585557,-2072.1711592516986
2025-09-27,잠실,두산,SSG,23750.0,21909.208625749638,18548.916682079624,1840.7913742503624
2025-09-27,대전,한화,LG,17000.0,17927.48914776844,15479.30539647297,-927.4891477684396
2025-09-27,광주,KIA,NC,14945.0,21940.097809135088,19122.455276226487,-6995.097809135088
2025-09-28,고척,키움,삼성,16000.0,18639.699986759806,16488.28975361297,-2639.699986759806
2025-09-28,잠실,두산,롯데,23750.0,28875.59088231406,25596.020424157196,-5125.59088231406
2025-09-29,대전,한화,LG,17000.0,12710.839213999368,11536.290938880686,4289.160786000632
2025-09-29,문학,SSG,롯데,22184.0,21836.426436494305,19783.423279915165,347.57356350569535
2025-09-29,광주,KIA,NC,3634.0,15606.417060292091,14228.313682307966,-11972.417060292091
2025-09-30,대구,삼성,KIA,23933.0,17936.72384977127,15937.932699215435,5996.2761502287285
2025-09-30,창원,NC,KT,14235.0,7910.017198717741,7040.6621929308085,6324.982801282259
2025-09-30,대전,한화,롯데,17000.0,13067.063383893255,11427.015257551242,3932.9366161067446
2025-09-30,잠실,LG,두산,23750.0,27132.603219792545,23474.93358370624,-3382.603219792545
2025-09-30,고척,키움,SSG,16000.0,12682.929746490674,11180.034509591114,3317.070253509326
2025-10-01,문학,SSG,한화,23000.0,24776.152661211647,21555.81256274117,-1776.1526612116468
2025-10-01,광주,KIA,KT,6777.0,19975.711133003537,17520.187787658146,-13198.711133003537
2025-10-01,잠실,LG,NC,23750.0,18649.161709765467,16164.329000996742,5100.838290234533
2025-10-02,광주,KIA,SSG,8043.0,15320.870314128377,13558.854029898052,-7277.870314128377
2025-10-03,수원,KT,한화,18700.0,16947.13356376083,14555.979513479806,1752.8664362391683
2025-10-04,창원,NC,SSG,17983.0,18399.231582953522,15764.751542733326,-416.23158295352187
2025-10-04,광주,KIA,삼성,17513.0,25490.073440594897,22186.9725980754,-7977.073440594897
