날짜,요일,구장,홈,방문,관중수,예측_비율,최종_예측_관중수,순수_예측_관중수
2025-04-02,수요일,수원,KT,LG,7829,0.7996015853739672,14536.756822098723,14536.756822098723
2025-04-02,수요일,대전,한화,롯데,16252,0.9827468633372415,17344.794215097976,17344.794215097976
2025-04-02,수요일,광주,KIA,삼성,12172,1.1215228933799348,19839.067070155023,19839.067070155023
2025-04-02,수요일,잠실,두산,키움,8336,1.1160579193054616,19302.370522110534,19302.370522110534
2025-04-03,목요일,수원,KT,LG,8627,0.7728684724894772,13313.509593950983,13313.509593950983
2025-04-03,목요일,대전,한화,롯데,16559,1.0020957024489199,16799.165759043775,16799.165759043775
2025-04-03,목요일,광주,KIA,삼성,12826,1.130617206358411,18805.17912095733,18805.17912095733
2025-04-03,목요일,잠실,두산,키움,9131,1.201800712842044,19681.73003411911,19681.73003411911
2025-04-04,금요일,사직,롯데,두산,17293,1.3718198561736,21874.71933524445,21874.71933524445
2025-04-04,금요일,고척,키움,NC,5161,0.7060190582040814,11288.44458575063,11288.44458575063
2025-04-04,금요일,대구,삼성,한화,24000,1.424095093756312,22069.48648696032,22069.48648696032
2025-04-04,금요일,잠실,LG,KIA,23750,1.5963742984642828,25308.492428039815,25308.492428039815
2025-04-04,금요일,문학,SSG,KT,13323,1.225681669654397,19431.63034225557,19431.63034225557
2025-04-05,토요일,대구,삼성,한화,24000,1.39842821423695,21835.757351202854,21835.757351202854
2025-04-05,토요일,고척,키움,NC,8895,0.9818035457491939,15914.31548732755,15914.31548732755
2025-04-05,토요일,사직,롯데,두산,21807,1.3215561700771026,20756.05284412462,20756.05284412462
2025-04-06,일요일,대구,삼성,한화,24000,1.413890259830941,22351.389913186777,22351.389913186777
2025-04-06,일요일,잠실,LG,KIA,23750,1.5804788201406688,25913.32000451705,25913.32000451705
2025-04-06,일요일,문학,SSG,KT,18679,1.186704241211853,19542.36854662051,19542.36854662051
2025-04-06,일요일,고척,키움,NC,7041,0.8732595002498335,14575.050362969821,14575.050362969821
2025-04-06,일요일,사직,롯데,두산,22665,1.3576836108696846,21948.992095124755,21948.992095124755
2025-04-08,화요일,대구,삼성,SSG,19327,0.8608382536704592,14199.125269775845,14199.125269775845
2025-04-08,화요일,고척,키움,LG,10452,0.9389250071786531,15506.753361058569,15506.753361058569
2025-04-08,화요일,수원,KT,NC,5233,0.5773265284270686,9505.007742935184,9505.007742935184
2025-04-08,화요일,사직,롯데,KIA,14038,0.9538844332725964,15147.366838891074,15147.366838891074
2025-04-08,화요일,잠실,두산,한화,20986,1.4049741557933724,21843.976184613035,21843.976184613035
2025-04-09,수요일,잠실,두산,한화,19300,1.3799187353749596,21596.786146315237,21596.786146315237
2025-04-09,수요일,사직,롯데,KIA,13551,1.0232971592461302,16264.387378773918,16264.387378773918
2025-04-09,수요일,고척,키움,LG,9967,0.9239294883485764,14471.014813609965,14471.014813609965
2025-04-09,수요일,수원,KT,NC,3667,0.5719877763240039,8710.248924121142,8710.248924121142
2025-04-09,수요일,대구,삼성,SSG,20632,0.8531209540694538,12586.861244245314,12586.861244245314
2025-04-10,목요일,잠실,두산,한화,21561,1.4155028739174371,21488.277294649306,21488.277294649306
2025-04-10,목요일,사직,롯데,KIA,13726,1.0139038606497128,15571.163727109384,15571.163727109384
2025-04-10,목요일,고척,키움,LG,10627,0.9163971253141304,14121.160409386404,14121.160409386404
2025-04-10,목요일,수원,KT,NC,5086,0.5721159546150407,8859.673249977597,8859.673249977597
2025-04-10,목요일,대구,삼성,SSG,21291,0.8494738917018786,13054.51655709974,13054.51655709974
2025-04-11,금요일,대전,한화,키움,17000,1.015440966769893,15765.228729585973,15765.228729585973
2025-04-11,금요일,광주,KIA,SSG,20500,1.2372662119587958,19381.321546056817,19381.321546056817
2025-04-11,금요일,수원,KT,삼성,17416,0.8325188502678585,13356.599426157416,13356.599426157416
2025-04-11,금요일,사직,NC,롯데,13728,1.6594711509107554,26630.69518847053,26630.69518847053
2025-04-11,금요일,잠실,LG,두산,23750,1.6241549130669506,26527.755303099322,26527.755303099322
2025-04-12,토요일,사직,NC,롯데,15222,1.8790035193622772,30674.60718668788,30674.60718668788
2025-04-12,토요일,잠실,LG,두산,22938,1.5683005858009524,25156.586929971145,25156.586929971145
2025-04-12,토요일,대전,한화,키움,15457,1.1544211582091646,18887.67697298651,18887.67697298651
2025-04-13,일요일,사직,NC,롯데,21003,1.7735461874470715,28512.2379278741,28512.2379278741
2025-04-13,일요일,잠실,LG,두산,23750,1.4936995685065386,24616.168888987755,24616.168888987755
2025-04-13,일요일,광주,KIA,SSG,20500,1.32918501507693,21991.05593127762,21991.05593127762
2025-04-13,일요일,수원,KT,삼성,18700,1.0889424470181084,17889.255413858184,17889.255413858184
2025-04-13,일요일,대전,한화,키움,17000,1.14628884897528,18638.38921693996,18638.38921693996
2025-04-15,화요일,문학,SSG,한화,15618,1.1600315812881374,18796.91973687672,18796.91973687672
2025-04-15,화요일,광주,KIA,KT,10979,1.1342276252603665,18703.073272255864,18703.073272255864
2025-04-15,화요일,잠실,LG,삼성,23750,1.3699847923157207,22056.983487081823,22056.983487081823
2025-04-15,화요일,사직,롯데,키움,9714,1.057857841005902,17187.651057527495,17187.651057527495
2025-04-16,수요일,사직,롯데,키움,11679,0.9798193076195293,15895.608627511623,15895.608627511623
2025-04-16,수요일,광주,KIA,KT,12423,1.1449726380649892,18820.90756149388,18820.90756149388
2025-04-16,수요일,문학,SSG,한화,16785,1.1111478411071027,18205.08326696014,18205.08326696014
2025-04-16,수요일,잠실,LG,삼성,23750,1.3952477772881944,22664.404894269428,22664.404894269428
2025-04-17,목요일,문학,SSG,한화,18098,1.0919639889501374,17899.83769486697,17899.83769486697
2025-04-17,목요일,광주,KIA,KT,12104,1.1539117102901943,19090.19994386995,19090.19994386995
2025-04-17,목요일,잠실,LG,삼성,23750,1.436147928254379,23861.789314336944,23861.789314336944
2025-04-17,목요일,사직,롯데,키움,11812,0.8779476659954045,15174.944962741969,15174.944962741969
2025-04-18,금요일,잠실,두산,KIA,23750,1.521468870254786,25850.618271321957,25850.618271321957
2025-04-18,금요일,고척,키움,KT,4666,0.7769120617192972,13256.86486221595,13256.86486221595
2025-04-18,금요일,문학,SSG,LG,18091,1.3452786607087361,22548.933114091506,22548.933114091506
2025-04-18,금요일,대구,삼성,롯데,24000,1.5702109234836517,26709.811212098073,26709.811212098073
2025-04-18,금요일,대전,한화,NC,17000,0.9557134199734209,16859.549299067123,16859.549299067123
2025-04-19,토요일,대구,삼성,롯데,24000,1.572795086990252,27520.401446635133,27520.401446635133
2025-04-19,토요일,대전,한화,NC,17000,1.0666131459927113,18912.224352911362,18912.224352911362
2025-04-19,토요일,고척,키움,KT,8281,0.9572860255582921,16862.050878128168,16862.050878128168
2025-04-19,토요일,잠실,두산,KIA,23750,1.4280735567759368,24719.858062887684,24719.858062887684
2025-04-19,토요일,문학,SSG,LG,18727,1.3448403790887864,23728.363648642546,23728.363648642546
2025-04-20,일요일,잠실,두산,KIA,23750,1.5297440397657158,26734.673693901517,26734.673693901517
2025-04-20,일요일,고척,키움,KT,6859,0.8102818799769674,14391.281423290922,14391.281423290922
2025-04-20,일요일,문학,SSG,LG,23000,1.4018174491968274,24146.118653422123,24146.118653422123
2025-04-20,일요일,대구,삼성,롯데,24000,1.3560038654328188,23697.93035346357,23697.93035346357
2025-04-20,일요일,대전,한화,NC,17000,1.0351898610207322,18194.704035272593,18194.704035272593
2025-04-22,화요일,수원,KT,SSG,5497,0.7812810370314187,13556.163529739553,13556.163529739553
2025-04-22,화요일,잠실,LG,NC,12941,0.8492068304174714,14310.06922004785,14310.06922004785
2025-04-22,화요일,고척,키움,두산,6809,0.8764228469706413,14600.445064063511,14600.445064063511
2025-04-23,수요일,잠실,LG,NC,17828,0.9729746193877529,15878.394436123806,15878.394436123806
2025-04-23,수요일,고척,키움,두산,6801,0.8787821952417002,14405.964404816714,14405.964404816714
2025-04-23,수요일,사직,롯데,한화,19376,1.042241462191729,16940.419019554,16940.419019554
2025-04-23,수요일,대구,삼성,KIA,22257,0.9958103333277596,16040.546042921329,16040.546042921329
2025-04-23,수요일,수원,KT,SSG,7581,0.7547337805171196,12472.831087996656,12472.831087996656
2025-04-24,목요일,수원,KT,SSG,7815,0.7600353383426682,12456.624512278438,12456.624512278438
2025-04-24,목요일,고척,키움,두산,7690,0.8398591977452357,13635.897943978462,13635.897943978462
2025-04-24,목요일,잠실,LG,NC,19325,1.0153136447854454,16176.755395849385,16176.755395849385
2025-04-24,목요일,대구,삼성,KIA,24000,0.9741529378963759,15377.263898811067,15377.263898811067
2025-04-24,목요일,사직,롯데,한화,22669,1.0262447974123805,16401.444352244664,16401.444352244664
2025-04-25,금요일,대전,한화,KT,17000,0.9925704424041847,16212.81103463702,16212.81103463702
2025-04-25,금요일,광주,KIA,LG,20500,1.2385594597309046,19952.160763381766,19952.160763381766
2025-04-25,금요일,잠실,두산,롯데,23750,1.4322988231377913,23487.934197577906,23487.934197577906
2025-04-25,금요일,대구,삼성,NC,24000,1.2451201297131356,20418.434479135445,20418.434479135445
2025-04-25,금요일,문학,SSG,키움,12140,1.266276203633713,21581.440802976886,21581.440802976886
2025-04-26,토요일,대전,한화,KT,17000,1.0927165015811624,18406.663773601136,18406.663773601136
2025-04-26,토요일,광주,KIA,LG,20500,1.3801583325032545,22926.54614565556,22926.54614565556
2025-04-26,토요일,잠실,두산,롯데,23750,1.4424911681821524,24130.280759584683,24130.280759584683
2025-04-26,토요일,대구,삼성,NC,24000,1.4788540597051918,24726.24269772951,24726.24269772951
2025-04-26,토요일,문학,SSG,키움,18641,1.2839459658530457,21766.992748299854,21766.992748299854
2025-04-27,일요일,문학,SSG,키움,16422,1.2021444175366596,20795.33527823849,20795.33527823849
2025-04-27,일요일,잠실,두산,롯데,23750,1.4171040599048197,24167.67053203277,24167.67053203277
2025-04-27,일요일,대구,삼성,NC,24000,1.4817671936038903,25518.55007808812,25518.55007808812
2025-04-27,일요일,대전,한화,KT,17000,1.0541823741089946,18163.597445310446,18163.597445310446
2025-04-27,일요일,광주,KIA,LG,20500,1.3235236688763434,23251.752049730858,23251.752049730858
2025-04-29,화요일,잠실,두산,KT,14138,0.9747904959881422,17043.951878220403,17043.951878220403
2025-04-29,화요일,대전,한화,LG,17000,0.9633256785748268,16526.81534162973,16526.81534162973
2025-04-29,화요일,고척,키움,롯데,13203,0.8953164267724568,15360.04861770827,15360.04861770827
2025-04-29,화요일,광주,KIA,NC,10575,1.1520606074556838,20060.677749544826,20060.677749544826
2025-04-29,화요일,문학,SSG,삼성,15481,1.04251333815629,18070.92620360113,18070.92620360113
2025-04-30,수요일,대전,한화,LG,17000,0.973890203495299,17162.93198221122,17162.93198221122
2025-04-30,수요일,잠실,두산,KT,17158,0.8962342256520031,15769.659442985632,15769.659442985632
2025-04-30,수요일,고척,키움,롯데,14367,0.918545705985154,16479.352947367854,16479.352947367854
2025-04-30,수요일,광주,KIA,NC,15139,1.1673181624612494,20747.601734742926,20747.601734742926
2025-04-30,수요일,문학,SSG,삼성,18998,1.004276242619772,17611.45685282688,17611.45685282688
2025-05-01,목요일,잠실,두산,KT,19883,0.8839812579275558,15838.321664329947,15838.321664329947
2025-05-01,목요일,고척,키움,롯데,16000,0.9222741276976856,16895.41642753221,16895.41642753221
2025-05-01,목요일,문학,SSG,삼성,22993,1.0256339325403032,19072.99629969924,19072.99629969924
2025-05-02,금요일,수원,KT,키움,12275,0.8058593219413908,15084.531441714718,15084.531441714718
2025-05-02,금요일,잠실,LG,SSG,23750,1.4784119808052278,27095.940541003336,27095.940541003336
2025-05-02,금요일,광주,KIA,한화,20500,1.2378978094700221,22732.466530285277,22732.466530285277
2025-05-02,금요일,사직,롯데,NC,22669,1.2633233581962453,23346.7630995885,23346.7630995885
2025-05-02,금요일,대구,삼성,두산,24000,1.4027895009406703,26025.579533752007,26025.579533752007
2025-05-03,토요일,사직,롯데,NC,22669,1.2921172780637613,23983.074939293343,23983.074939293343
2025-05-03,토요일,대구,삼성,두산,24000,1.3465279418893032,24933.25394158166,24933.25394158166
2025-05-03,토요일,잠실,LG,SSG,23750,1.4745634959432437,27886.993987395155,27886.993987395155
2025-05-03,토요일,수원,KT,키움,15210,1.075437038089453,20580.674445819128,20580.674445819128
2025-05-04,일요일,광주,KIA,한화,20500,1.3285844101281201,25190.89042511625,25190.89042511625
2025-05-04,일요일,사직,롯데,NC,22669,1.3137976519255643,24768.19505990644,24768.19505990644
2025-05-04,일요일,대구,삼성,두산,24000,1.4326231816512183,26944.776800496114,26944.776800496114
2025-05-04,일요일,잠실,LG,SSG,23750,1.5064128996444524,28601.709374152684,28601.709374152684
2025-05-04,일요일,수원,KT,키움,15160,0.9905394311136785,19048.96474580404,19048.96474580404
2025-05-05,월요일,대전,한화,삼성,17000,0.9370729010974452,17752.44004636729,17752.44004636729
2025-05-05,월요일,수원,KT,NC,12015,0.5977250643135812,11184.17314755309,11184.17314755309
2025-05-05,월요일,사직,롯데,SSG,22669,0.9032293081887041,16750.44773564673,16750.44773564673
2025-05-05,월요일,고척,키움,KIA,16000,0.9186419182042705,17102.693426578913,17102.693426578913
2025-05-05,월요일,잠실,두산,LG,23750,1.1872271283027678,22176.729994656333,22176.729994656333
2025-05-06,화요일,고척,키움,KIA,16000,0.8817182378845027,16668.383646871724,16668.383646871724
2025-05-06,화요일,잠실,두산,LG,23750,1.2358935372009399,23479.093455231057,23479.093455231057
2025-05-06,화요일,수원,KT,NC,9743,0.5871760875182419,11412.843750410813,11412.843750410813
2025-05-06,화요일,사직,롯데,SSG,22669,0.9258553048410731,17818.609993005863,17818.609993005863
2025-05-06,화요일,대전,한화,삼성,17000,0.9434374185513189,18335.26595874956,18335.26595874956
2025-05-07,수요일,고척,키움,KIA,16000,0.893167350405274,17353.586628984176,17353.586628984176
2025-05-07,수요일,잠실,두산,LG,23750,1.2231082780541809,23830.674757124245,23830.674757124245
2025-05-07,수요일,수원,KT,NC,3598,0.5740699886436028,11349.784660142366,11349.784660142366
2025-05-07,수요일,사직,롯데,SSG,22669,0.9637098070749853,18558.545238765822,18558.545238765822
2025-05-07,수요일,대전,한화,삼성,17000,0.9895385857989774,19147.835512166424,19147.835512166424
2025-05-09,금요일,고척,키움,한화,16000,0.9713224530261448,18827.72590047758,18827.72590047758
2025-05-10,토요일,대구,삼성,LG,24000,1.3316208749123986,25501.20556500989,25501.20556500989
2025-05-10,토요일,대구,삼성,LG,24000,1.3316208749123986,26021.647390288148,26021.647390288148
2025-05-10,토요일,수원,KT,롯데,18700,1.088581427417029,21281.40404552711,21281.40404552711
2025-05-10,토요일,고척,키움,한화,16000,1.0522365281978134,20507.739189065986,20507.739189065986
2025-05-10,토요일,문학,SSG,KIA,23000,1.367755562299635,26353.047929199907,26353.047929199907
2025-05-10,토요일,잠실,두산,NC,20206,1.1360818419433114,21851.436017332384,21851.436017332384
2025-05-11,일요일,잠실,두산,NC,19366,1.1946789204038128,22880.411038312464,22880.411038312464
2025-05-11,일요일,잠실,두산,NC,9172,1.1946789204038128,22695.872967740754,22695.872967740754
2025-05-11,일요일,수원,KT,롯데,18700,1.0262889723319701,18998.182520955677,18998.182520955677
2025-05-11,일요일,수원,KT,롯데,14470,1.0262889723319701,19117.574138070293,19117.574138070293
2025-05-11,일요일,문학,SSG,KIA,23000,1.377978796934195,25391.831560600152,25391.831560600152
2025-05-11,일요일,고척,키움,한화,16000,0.9813276317322799,18093.620741116603,18093.620741116603
2025-05-11,일요일,대구,삼성,LG,24000,1.396121636858513,25369.252025071306,25369.252025071306
2025-05-11,일요일,문학,SSG,KIA,23000,1.377978796934195,25051.057404118324,25051.057404118324
2025-05-13,화요일,포항,삼성,KT,10758,0.7636504011873025,14082.40068325493,14082.40068325493
2025-05-13,화요일,광주,KIA,롯데,16824,1.1903814405556368,21704.026408744165,21704.026408744165
2025-05-13,화요일,문학,SSG,NC,12746,0.9229980391287294,16976.826000099936,16976.826000099936
2025-05-13,화요일,대전,한화,두산,17000,0.9976490431282313,18019.902821631258,18019.902821631258
2025-05-13,화요일,잠실,LG,키움,18080,1.282679258013648,23210.97904923757,23210.97904923757
2025-05-14,수요일,대전,한화,두산,17000,0.9976490431282313,17864.6021205843,17864.6021205843
2025-05-14,수요일,문학,SSG,NC,11409,0.934398160330296,16763.134142930852,16763.134142930852
2025-05-14,수요일,잠실,LG,키움,18286,1.2325620130027957,21605.168671921674,21605.168671921674
2025-05-14,수요일,포항,삼성,KT,12120,0.7534862814932608,13422.177642961437,13422.177642961437
2025-05-14,수요일,광주,KIA,롯데,18641,1.1724988883937342,20473.941089353706,20473.941089353706
2025-05-15,목요일,포항,삼성,KT,12120,0.7285681333399239,12761.963707648776,12761.963707648776
2025-05-15,목요일,광주,KIA,롯데,17452,1.034984185810972,17995.442536059676,17995.442536059676
2025-05-15,목요일,문학,SSG,NC,10081,0.893283821214947,15344.144629900762,15344.144629900762
2025-05-15,목요일,대전,한화,두산,17000,0.9111048678732716,15847.150668542436,15847.150668542436
2025-05-15,목요일,잠실,LG,키움,18119,1.2707891129463267,21863.121855136684,21863.121855136684
2025-05-17,토요일,사직,롯데,삼성,22669,1.4793012388199964,25505.61885932144,25505.61885932144
2025-05-17,토요일,울산,NC,키움,5513,0.8953755789949815,15636.809265715725,15636.809265715725
2025-05-17,토요일,울산,NC,키움,2297,0.8953755789949815,15085.048988086384,15085.048988086384
2025-05-17,토요일,사직,롯데,삼성,22669,1.4793012388199964,23852.696965105268,23852.696965105268
2025-05-17,토요일,대전,한화,SSG,17000,1.0528130514216192,17115.160651740694,17115.160651740694
2025-05-17,토요일,잠실,LG,KT,22963,1.4855058773056362,24198.79170758366,24198.79170758366
2025-05-17,토요일,광주,KIA,두산,20500,1.3437452607318272,21887.863428482517,21887.863428482517
2025-05-17,토요일,광주,KIA,두산,16854,1.3437452607318272,21901.032132037686,21901.032132037686
2025-05-17,토요일,잠실,LG,KT,17811,1.4855058773056362,24087.131182472855,24087.131182472855
2025-05-17,토요일,대전,한화,SSG,17000,1.0528130514216192,17374.293037463936,17374.293037463936
2025-05-18,일요일,잠실,LG,KT,23029,1.440581183243717,23691.894178371716,23691.894178371716
2025-05-18,일요일,광주,KIA,두산,20500,1.3102003383018836,21921.442266919523,21921.442266919523
2025-05-18,일요일,대전,한화,SSG,17000,1.0547821134346713,17560.04778386419,17560.04778386419
2025-05-18,일요일,사직,롯데,삼성,22669,1.442354062488836,24060.43697953252,24060.43697953252
2025-05-18,일요일,울산,NC,키움,6456,0.8976135425654859,14933.596507661989,14933.596507661989
2025-05-20,화요일,고척,키움,삼성,13106,0.9181404498688301,14768.77881104673,14768.77881104673
2025-05-20,화요일,잠실,두산,SSG,17782,1.1423565715411648,18464.82315107708,18464.82315107708
2025-05-20,화요일,울산,NC,한화,4497,0.8108855956118495,13132.886870370685,13132.886870370685
2025-05-20,화요일,수원,KT,KIA,16064,0.7888871528790686,12559.688287318646,12559.688287318646
2025-05-20,화요일,사직,롯데,LG,22669,1.0487914692415246,16664.84196994449,16664.84196994449
2025-05-21,수요일,울산,NC,한화,4183,0.8505485086095009,13644.952800984873,13644.952800984873
2025-05-21,수요일,수원,KT,KIA,16302,0.7849397034814097,12257.068951773257,12257.068951773257
2025-05-21,수요일,사직,롯데,LG,22669,1.0525027738464674,16606.8097668591,16606.8097668591
2025-05-21,수요일,잠실,두산,SSG,14052,1.1973244185780139,19066.79270364558,19066.79270364558
2025-05-21,수요일,고척,키움,삼성,13193,0.9406643645526033,15040.188458395118,15040.188458395118
2025-05-22,목요일,울산,NC,한화,5005,0.8650703935526906,13674.427232005444,13674.427232005444
2025-05-22,목요일,수원,KT,KIA,16705,0.7896577784080062,12295.076897516445,12295.076897516445
2025-05-22,목요일,사직,롯데,LG,22669,1.0131117492051913,15749.05853413618,15749.05853413618
2025-05-22,목요일,잠실,두산,SSG,14592,1.2001389292963969,19160.017983062095,19160.017983062095
2025-05-22,목요일,고척,키움,삼성,12926,0.9517767046034348,15118.560516053567,15118.560516053567
2025-05-23,금요일,잠실,두산,NC,17944,1.2469203380005038,19590.94732648365,19590.94732648365
2025-05-23,금요일,대전,한화,롯데,17000,0.9894514864426687,15389.895438413054,15389.895438413054
2025-05-23,금요일,문학,SSG,LG,20150,1.341560472535972,21380.270376076114,21380.270376076114
2025-05-23,금요일,대구,삼성,KIA,24000,1.4106744057677767,23321.22225367269,23321.22225367269
2025-05-23,금요일,고척,키움,KT,4239,0.7640996248165584,12665.97008083421,12665.97008083421
2025-05-24,토요일,대구,삼성,KIA,24000,1.3590165100038567,21949.43035252196,21949.43035252196
2025-05-24,토요일,고척,키움,KT,7315,0.9179803695554709,14858.001870785725,14858.001870785725
2025-05-24,토요일,문학,SSG,LG,23000,1.3498579439055272,21254.908180001228,21254.908180001228
2025-05-24,토요일,대전,한화,롯데,17000,1.1602440091500867,18506.936165552117,18506.936165552117
2025-05-24,토요일,잠실,두산,NC,22279,1.2026572663429882,19150.953954943565,19150.953954943565
2025-05-25,일요일,대구,삼성,KIA,24000,1.539139864187708,24779.895290111403,24779.895290111403
2025-05-25,일요일,고척,키움,KT,6809,0.7924007931217061,12783.168074797988,12783.168074797988
2025-05-25,일요일,문학,SSG,LG,23000,1.3316426025214403,20874.607496692344,20874.607496692344
2025-05-25,일요일,대전,한화,롯데,17000,1.0971830489425265,17418.69522117006,17418.69522117006
2025-05-25,일요일,잠실,두산,NC,20534,1.2186590964622497,19116.94275832378,19116.94275832378
2025-05-27,화요일,광주,KIA,키움,15351,1.150828745824579,18592.942661374673,18592.942661374673
2025-05-27,화요일,수원,KT,두산,8355,0.7405081117505543,12019.162478219523,12019.162478219523
2025-05-27,화요일,문학,SSG,NC,12124,0.935425746745857,14888.922164088008,14888.922164088008
2025-05-27,화요일,대구,삼성,롯데,24000,1.0043757866169905,16241.727366190466,16241.727366190466
2025-05-27,화요일,잠실,LG,한화,23750,1.400517368163747,23018.203204455265,23018.203204455265
2025-05-28,수요일,잠실,LG,한화,23750,1.3953032471569184,22982.78394565342,22982.78394565342
2025-05-28,수요일,문학,SSG,NC,12747,0.9373822681567616,16051.51523738715,16051.51523738715
2025-05-28,수요일,수원,KT,두산,8822,0.7546334893331748,12832.743721707791,12832.743721707791
2025-05-28,수요일,광주,KIA,키움,16517,1.1564240456849857,19131.532484598698,19131.532484598698
2025-05-29,목요일,광주,KIA,키움,18127,1.1287587745811298,18766.592885015918,18766.592885015918
2025-05-29,목요일,수원,KT,두산,9238,0.7546942643591124,12671.568263344281,12671.568263344281
2025-05-29,목요일,문학,SSG,NC,13466,0.9032169030161111,15292.756778957086,15292.756778957086
2025-05-29,목요일,대구,삼성,롯데,24000,1.0308904381436286,17343.15092309473,17343.15092309473
2025-05-29,목요일,잠실,LG,한화,23750,1.3968801228843502,23562.3410994594,23562.3410994594
2025-05-30,금요일,창원,NC,한화,12395,0.8572838931306924,14722.222025122694,14722.222025122694
2025-05-30,금요일,수원,KT,KIA,18700,0.8495603697368561,14574.547966983662,14574.547966983662
2025-05-30,금요일,고척,키움,두산,9182,0.8290342515044616,14243.305861397552,14243.305861397552
2025-05-30,금요일,사직,롯데,SSG,22669,1.4047842253585388,23768.949093066476,23768.949093066476
2025-05-30,금요일,잠실,LG,삼성,23750,1.5838783525136892,26932.214710197688,26932.214710197688
2025-05-31,토요일,잠실,LG,삼성,23750,1.590106317707166,27024.863936767837,27024.863936767837
2025-05-31,토요일,사직,롯데,SSG,22669,1.4971380073742366,26418.49727812578,26418.49727812578
2025-05-31,토요일,창원,NC,한화,16741,0.9938642496711515,17493.634105820063,17493.634105820063
2025-05-31,토요일,수원,KT,KIA,18700,0.9921118374831197,17774.510328374658,17774.510328374658
2025-05-31,토요일,고척,키움,두산,13456,0.9535944792036514,16947.757881646892,16947.757881646892
2025-06-01,일요일,창원,NC,한화,14906,0.91154310123256,16092.716141630064,16092.716141630064
2025-06-01,일요일,수원,KT,KIA,18700,0.9837316424527351,17125.390670802684,17125.390670802684
2025-06-01,일요일,고척,키움,두산,12350,0.9016481647502629,15537.14106509888,15537.14106509888
2025-06-01,일요일,사직,롯데,SSG,22669,1.4353167186252132,24998.385005498512,24998.385005498512
2025-06-01,일요일,잠실,LG,삼성,23750,1.5884034934120146,27647.11584493216,27647.11584493216
2025-06-03,화요일,잠실,두산,KIA,23750,1.2668379425595913,22335.113030091128,22335.113030091128
2025-06-03,화요일,대전,한화,KT,17000,0.9762225541014451,17316.040420140613,17316.040420140613
2025-06-03,화요일,창원,NC,LG,13937,0.7309509815429461,13005.640259364614,13005.640259364614
2025-06-03,화요일,문학,SSG,삼성,23000,1.1171785292125693,20085.566580291248,20085.566580291248
2025-06-03,화요일,사직,롯데,키움,22669,1.017392564931776,18660.37007735418,18660.37007735418
2025-06-04,수요일,사직,롯데,키움,22669,0.9195353090346484,16824.737549406964,16824.737549406964
2025-06-04,수요일,문학,SSG,삼성,15706,1.1197839819477595,20448.337968215306,20448.337968215306
2025-06-04,수요일,잠실,두산,KIA,23750,1.223669849175776,22017.287651244875,22017.287651244875
2025-06-04,수요일,대전,한화,KT,17000,0.9486334808848453,17416.531255653405,17416.531255653405
2025-06-04,수요일,창원,NC,LG,5235,0.7073117205623711,13178.773439862212,13178.773439862212
2025-06-05,목요일,잠실,두산,KIA,23750,1.2119738432475764,22125.95607884019,22125.95607884019
2025-06-05,목요일,대전,한화,KT,17000,0.9718676517536771,17924.705826295725,17924.705826295725
2025-06-05,목요일,창원,NC,LG,8957,0.7193360321708377,13453.238274468658,13453.238274468658
2025-06-05,목요일,문학,SSG,삼성,19273,1.1208477559967351,20793.967569251432,20793.967569251432
2025-06-05,목요일,사직,롯데,키움,22669,0.9450824214892701,17384.255596589614,17384.255596589614
2025-06-06,금요일,광주,KIA,한화,20500,1.1340663334073553,20819.643375225594,20819.643375225594
2025-06-06,금요일,고척,키움,LG,16000,0.850388506436554,15841.51898472044,15841.51898472044
2025-06-06,금요일,잠실,두산,롯데,23750,1.5621546356359732,28960.107856379866,28960.107856379866
2025-06-06,금요일,대구,삼성,NC,24000,1.3913895013922772,26470.025772736917,26470.025772736917
2025-06-06,금요일,수원,KT,SSG,18700,0.8048059012883741,15346.468155580738,15346.468155580738
2025-06-07,토요일,수원,KT,SSG,16755,0.9305175474459133,17586.96775023725,17586.96775023725
2025-06-07,토요일,대구,삼성,NC,24000,1.4938945645426978,27886.579632804023,27886.579632804023
2025-06-07,토요일,잠실,두산,롯데,23750,1.5810439110107593,29583.545036486725,29583.545036486725
2025-06-07,토요일,광주,KIA,한화,20500,1.3588704777503289,25743.846496662572,25743.846496662572
2025-06-07,토요일,고척,키움,LG,16000,0.9148231946742266,17386.245308890164,17386.245308890164
2025-06-08,일요일,광주,KIA,한화,18586,1.2907806905695736,24640.788252858063,24640.788252858063
2025-06-08,일요일,고척,키움,LG,16000,0.8553804433852983,16433.996768540044,16433.996768540044
2025-06-08,일요일,잠실,두산,롯데,23750,1.5776741581751765,30169.074089704813,30169.074089704813
2025-06-08,일요일,대구,삼성,NC,24000,1.4646175467180753,28563.703704869265,28563.703704869265
2025-06-08,일요일,수원,KT,SSG,13026,0.8872795408564632,17343.534881182502,17343.534881182502
2025-06-10,화요일,수원,KT,롯데,10809,0.779116953269588,14950.786863071433,14950.786863071433
2025-06-10,화요일,고척,키움,NC,4004,0.47764273438109045,8959.638332944975,8959.638332944975
2025-06-10,화요일,대전,한화,두산,16691,0.9836963563920225,18026.07178149108,18026.07178149108
2025-06-10,화요일,잠실,LG,SSG,17221,1.2608672873213116,23220.930512591247,23220.930512591247
2025-06-10,화요일,광주,KIA,삼성,15887,1.1297480341770567,20588.528174842682,20588.528174842682
2025-06-11,수요일,광주,KIA,삼성,17320,1.155678682635235,20799.82788482345,20799.82788482345
2025-06-11,수요일,잠실,LG,SSG,18192,1.2217812203097056,21771.69335947151,21771.69335947151
2025-06-11,수요일,대전,한화,두산,17000,0.9826314341094232,17591.55924914395,17591.55924914395
2025-06-11,수요일,고척,키움,NC,4034,0.48754685075944876,8618.609454300155,8618.609454300155
2025-06-11,수요일,수원,KT,롯데,11777,0.7293285684538994,12577.48996155803,12577.48996155803
2025-06-12,목요일,수원,KT,롯데,12378,0.7502672368936245,13102.191855860225,13102.191855860225
2025-06-12,목요일,고척,키움,NC,4410,0.5131703217570646,8767.155727994217,8767.155727994217
2025-06-12,목요일,대전,한화,두산,17000,0.9960819717548354,16599.340829238023,16599.340829238023
2025-06-12,목요일,잠실,LG,SSG,18321,1.2009606073510957,20335.545708114143,20335.545708114143
2025-06-12,목요일,광주,KIA,삼성,16761,1.1337179127618255,19160.966443587615,19160.966443587615
2025-06-13,금요일,창원,NC,KIA,8362,0.884111102181387,14768.250791578033,14768.250791578033
2025-06-14,토요일,창원,NC,KIA,15000,0.9916741318639692,16163.75945651237,16163.75945651237
2025-06-14,토요일,대구,삼성,KT,24000,1.4601052283345453,23750.266324786826,23750.266324786826
2025-06-14,토요일,대전,한화,LG,17000,1.0027920715967313,16319.906142798618,16319.906142798618
2025-06-14,토요일,문학,SSG,롯데,23000,1.5683877834436988,25158.717552591497,25158.717552591497
2025-06-14,토요일,잠실,두산,키움,18390,1.3580574351722299,21979.435290963782,21979.435290963782
2025-06-15,일요일,잠실,두산,키움,11744,1.2972442907713753,21065.906796360003,21065.906796360003
2025-06-15,일요일,문학,SSG,롯데,20960,1.573340631766983,24906.66398181177,24906.66398181177
2025-06-15,일요일,대구,삼성,KT,24000,1.4532586726453836,22870.561476845214,22870.561476845214
2025-06-15,일요일,창원,NC,KIA,12470,0.906707427759541,14375.03023044254,14375.03023044254
2025-06-15,일요일,대전,한화,LG,17000,0.9960175402475844,15673.763620936761,15673.763620936761
2025-06-17,화요일,사직,롯데,한화,22669,1.1242888559013466,17632.859224119165,17632.859224119165
2025-06-17,화요일,광주,KIA,KT,10596,1.0590186671104622,16844.609716570063,16844.609716570063
2025-06-17,화요일,잠실,LG,NC,15069,1.0384155861621414,16061.589237404305,16061.589237404305
2025-06-17,화요일,대구,삼성,두산,23044,1.0901326275234628,16536.984919742674,16536.984919742674
2025-06-17,화요일,고척,키움,SSG,6205,0.89895168820612,13937.017358328676,13937.017358328676
2025-06-18,수요일,사직,롯데,한화,22669,1.0951190619096056,16810.260120156097,16810.260120156097
2025-06-18,수요일,광주,KIA,KT,16311,1.122465168736612,17928.387830117415,17928.387830117415
2025-06-18,수요일,잠실,LG,NC,16103,0.9997677166894096,15955.959502457414,15955.959502457414
2025-06-18,수요일,대구,삼성,두산,23385,1.107017412338393,17626.374046216828,17626.374046216828
2025-06-18,수요일,고척,키움,SSG,6941,0.8751632888943819,14153.432429096243,14153.432429096243
2025-06-19,목요일,대구,삼성,두산,23355,1.1028596440778278,17454.261109045197,17454.261109045197
2025-06-19,목요일,잠실,LG,NC,15636,1.0407746611744515,16650.798724310756,16650.798724310756
2025-06-19,목요일,고척,키움,SSG,7032,0.9185803324210658,14654.112043113264,14654.112043113264
2025-06-19,목요일,사직,롯데,한화,22669,1.140760723933685,18312.555850592515,18312.555850592515
2025-06-19,목요일,광주,KIA,KT,14079,1.0783760463573422,17702.62117700213,17702.62117700213
2025-06-20,금요일,사직,롯데,삼성,21911,1.390717278270162,22908.868509760898,22908.868509760898
2025-06-21,토요일,문학,SSG,KIA,23000,1.4236354239619016,24281.620700122457,24281.620700122457
2025-06-21,토요일,수원,KT,NC,13680,0.9023896357778544,15571.695714291705,15571.695714291705
2025-06-21,토요일,잠실,LG,두산,23750,1.4855629572164775,25405.156837776623,25405.156837776623
2025-06-22,일요일,문학,SSG,KIA,23000,1.4527282842670015,25182.076322245626,25182.076322245626
2025-06-22,일요일,수원,KT,NC,12059,0.8019493200486159,14292.554635058445,14292.554635058445
2025-06-22,일요일,잠실,LG,두산,23750,1.5651993573187277,27741.958622300506,27741.958622300506
2025-06-22,일요일,사직,롯데,삼성,22669,1.3926334658650277,24671.755217918246,24671.755217918246
2025-06-22,일요일,대전,한화,키움,17000,1.030914711869143,18458.39046072209,18458.39046072209
2025-06-24,화요일,고척,키움,KIA,16000,0.8994163531184525,15924.046609781784,15924.046609781784
2025-06-24,화요일,수원,KT,LG,9335,0.7501990039894543,13222.40748511493,13222.40748511493
2025-06-24,화요일,잠실,두산,SSG,12141,1.1598982754106606,20350.299252252502,20350.299252252502
2025-06-25,수요일,고척,키움,KIA,16000,0.882582189066411,15225.366504772051,15225.366504772051
2025-06-25,수요일,창원,NC,롯데,15587,0.7590282146876605,12891.537605779142,12891.537605779142
2025-06-25,수요일,대구,삼성,한화,24000,1.1208585916735843,19153.41842428349,19153.41842428349
2025-06-26,목요일,대구,삼성,한화,24000,1.1408132856561521,19760.59732749304,19760.59732749304
2025-06-26,목요일,고척,키움,KIA,16000,0.90469083432319,15710.740403411939,15710.740403411939
2025-06-26,목요일,수원,KT,LG,13365,0.7471329237941228,13109.194280891677,13109.194280891677
2025-06-26,목요일,창원,NC,롯데,16335,0.7200628036001093,12593.322384723033,12593.322384723033
2025-06-26,목요일,잠실,두산,SSG,13553,1.1035243341197332,19052.97295903319,19052.97295903319
2025-06-27,금요일,사직,롯데,KT,22669,1.404464087226131,24592.868399373165,24592.868399373165
2025-06-27,금요일,문학,SSG,한화,23000,1.5514931416991278,27167.420657722578,27167.420657722578
2025-06-27,금요일,잠실,LG,KIA,23750,1.5798558719834113,28016.321443955425,28016.321443955425
2025-06-27,금요일,창원,NC,두산,8025,0.8294928872097771,14921.222202521445,14921.222202521445
2025-06-27,금요일,고척,키움,삼성,16000,0.8868088071202564,15498.195876462878,15498.195876462878
2025-06-28,토요일,문학,SSG,한화,23183,1.48229889000035,26352.80376605622,26352.80376605622
2025-06-28,토요일,잠실,LG,KIA,23750,1.5381244780364614,27336.471098350812,27336.471098350812
2025-06-28,토요일,사직,롯데,KT,22669,1.437805698653188,25942.424074512714,25942.424074512714
2025-06-28,토요일,창원,NC,두산,12961,1.0056550930609178,18669.282844110796,18669.282844110796
2025-06-28,토요일,고척,키움,삼성,16000,0.9730921033727248,17749.881129990863,17749.881129990863
2025-06-29,일요일,고척,키움,삼성,16000,0.8979649134644809,16437.008283657065,16437.008283657065
2025-06-29,일요일,창원,NC,두산,9894,0.8743977074020757,15833.331366324566,15833.331366324566
2025-06-29,일요일,잠실,LG,KIA,23750,1.5506538230978684,27401.34526565858,27401.34526565858
2025-06-29,일요일,문학,SSG,한화,23000,1.5334411518595825,27611.908100959572,27611.908100959572
2025-06-29,일요일,사직,롯데,KT,22669,1.4045247400051297,25255.46161240224,25255.46161240224
2025-07-01,화요일,사직,롯데,LG,19627,1.2044439119264576,21644.41917114401,21644.41917114401
2025-07-01,화요일,대전,한화,NC,17000,0.901392348586631,16425.83239700122,16425.83239700122
2025-07-01,화요일,광주,KIA,SSG,11782,0.9835763387167397,17702.144657200224,17702.144657200224
2025-07-01,화요일,잠실,두산,삼성,18022,1.358716703047985,23960.74260546737,23960.74260546737
2025-07-01,화요일,수원,KT,키움,5616,0.769431460503679,13595.007532493455,13595.007532493455
2025-07-02,수요일,사직,롯데,LG,20661,1.214990164069532,21046.99111447155,21046.99111447155
2025-07-02,수요일,대전,한화,NC,17000,0.9150675785440449,16196.970660503157,16196.970660503157
2025-07-02,수요일,광주,KIA,SSG,11827,1.0729812033760873,19165.87638302457,19165.87638302457
2025-07-02,수요일,잠실,두산,삼성,20448,1.3672559245843714,24232.104627396246,24232.104627396246
2025-07-02,수요일,수원,KT,키움,6787,0.780885143550797,13966.286969434714,13966.286969434714
2025-07-03,목요일,광주,KIA,SSG,13013,1.057727097226663,18310.772128499564,18310.772128499564
2025-07-03,목요일,수원,KT,키움,8540,0.7767516696592989,13162.212392710751,13162.212392710751
2025-07-03,목요일,잠실,두산,삼성,21525,1.3709431813417243,22889.998525378145,22889.998525378145
2025-07-03,목요일,대전,한화,NC,17000,0.9248226925222224,15692.884685486413,15692.884685486413
2025-07-03,목요일,사직,롯데,LG,21914,1.2189000721006689,20709.965455040834,20709.965455040834
2025-07-04,금요일,고척,키움,한화,16000,0.9314880585055829,16086.239877556314,16086.239877556314
2025-07-04,금요일,잠실,두산,KT,16101,1.3748371547446712,23436.98646064788,23436.98646064788
2025-07-04,금요일,대구,삼성,LG,24000,1.4832104934084511,24943.348629049047,24943.348629049047
2025-07-04,금요일,광주,KIA,롯데,20500,1.1113570230106133,18699.100545430974,18699.100545430974
2025-07-04,금요일,창원,NC,SSG,11147,0.8303126708008558,14315.669851078794,14315.669851078794
2025-07-05,토요일,고척,키움,한화,16000,0.9423190884778444,16094.370282293625,16094.370282293625
2025-07-05,토요일,잠실,두산,KT,19774,1.462607687665294,24630.459721052317,24630.459721052317
2025-07-05,토요일,대구,삼성,LG,24000,1.5482191983165685,25866.975470487287,25866.975470487287
2025-07-05,토요일,광주,KIA,롯데,20500,1.3054587525741528,21868.957992538704,21868.957992538704
2025-07-05,토요일,창원,NC,SSG,12028,0.9822219043985772,16700.948225600034,16700.948225600034
2025-07-06,일요일,창원,NC,SSG,7726,0.8675547649246025,14636.371846582148,14636.371846582148
2025-07-06,일요일,대구,삼성,LG,24000,1.4857506779631615,24656.082025821263,24656.082025821263
2025-07-06,일요일,광주,KIA,롯데,20500,1.2540668779933717,21400.943888561753,21400.943888561753
2025-07-06,일요일,고척,키움,한화,16000,0.9084924898183189,15405.216300600252,15405.216300600252
2025-07-06,일요일,잠실,두산,KT,23750,1.416044732135065,23681.318480842903,23681.318480842903
2025-07-08,화요일,대전,한화,KIA,17000,0.9459646142373884,15853.988548772933,15853.988548772933
2025-07-08,화요일,문학,SSG,KT,10812,1.095156274337062,18258.48191095664,18258.48191095664
2025-07-08,화요일,사직,롯데,두산,18541,1.1883427037936278,19566.973680701656,19566.973680701656
2025-07-08,화요일,창원,NC,삼성,8294,0.786755687068878,13131.79162324578,13131.79162324578
2025-07-08,화요일,잠실,LG,키움,16098,1.2057033400804076,19733.505426428015,19733.505426428015
2025-07-09,수요일,대전,한화,KIA,17000,0.9222247153262735,15416.092786337053,15416.092786337053
2025-07-09,수요일,문학,SSG,KT,10259,1.0860709375270492,18022.442149146777,18022.442149146777
2025-07-09,수요일,사직,롯데,두산,19071,1.2261525441121206,20071.46319909189,20071.46319909189
2025-07-09,수요일,창원,NC,삼성,9220,0.7514583660933956,12482.424821952987,12482.424821952987
2025-07-09,수요일,잠실,LG,키움,16400,1.2118998326098918,19677.213615475943,19677.213615475943
2025-07-10,목요일,창원,NC,삼성,10106,0.7742393381016477,12819.15814488279,12819.15814488279
2025-07-10,목요일,잠실,LG,키움,16628,1.1751081869206081,19342.515778350597,19342.515778350597
2025-07-10,목요일,문학,SSG,KT,10817,0.9932538147842144,16616.93767057695,16616.93767057695
2025-07-10,목요일,대전,한화,KIA,17000,0.9264219178587659,15168.182538179193,15168.182538179193
2025-07-10,목요일,사직,롯데,두산,21199,1.2374982987490832,20261.394645645574,20261.394645645574
2025-07-18,금요일,수원,KT,한화,18700,0.8891585683063135,14536.883071858862,14536.883071858862
2025-07-18,금요일,잠실,LG,롯데,23750,1.530687012511637,25163.014821579218,25163.014821579218
2025-07-19,토요일,수원,KT,한화,18700,0.9224100675367727,15398.713667458884,15398.713667458884
2025-07-19,토요일,잠실,LG,롯데,23750,1.5293247166363324,25260.366119587845,25260.366119587845
2025-07-19,토요일,문학,SSG,두산,19877,1.4605184806276788,24282.093419422246,24282.093419422246
2025-07-20,일요일,대구,삼성,키움,24000,1.5225267955852086,25756.078291983114,25756.078291983114
2025-07-20,일요일,수원,KT,한화,18700,0.8931211174471717,15346.7978681339,15346.7978681339
2025-07-20,일요일,잠실,LG,롯데,23750,1.5696568978973573,26915.74397859153,26915.74397859153
2025-07-20,일요일,광주,KIA,NC,16985,1.2179692279872403,20875.01819231891,20875.01819231891
2025-07-20,일요일,문학,SSG,두산,18102,1.515539346794669,25797.561279117082,25797.561279117082
2025-07-22,화요일,광주,KIA,LG,12468,1.0632714917308923,18314.319809318753,18314.319809318753
2025-07-22,화요일,고척,키움,롯데,15362,0.9139449258984484,15886.708604091506,15886.708604091506
2025-07-22,화요일,잠실,두산,한화,23750,1.3598266291878074,23245.7376228682,23245.7376228682
2025-07-22,화요일,창원,NC,KT,6302,0.5083601795171969,8745.303222895021,8745.303222895021
2025-07-22,화요일,대구,삼성,SSG,22896,1.1894982419286892,20078.373474283697,20078.373474283697
2025-07-23,수요일,고척,키움,롯데,15325,0.9256736991764605,15598.743495352344,15598.743495352344
2025-07-23,수요일,대구,삼성,SSG,23304,1.1806823412318928,19830.032193926134,19830.032193926134
2025-07-23,수요일,창원,NC,KT,6375,0.5131635971074904,8832.469200694703,8832.469200694703
2025-07-23,수요일,잠실,두산,한화,23750,1.364278892616716,22928.434877021227,22928.434877021227
2025-07-23,수요일,광주,KIA,LG,12172,1.06511582010425,18449.368174075098,18449.368174075098
2025-07-24,목요일,잠실,두산,한화,23750,1.3557219921358636,23305.674478010777,23305.674478010777
2025-07-24,목요일,창원,NC,KT,5157,0.5247306959159552,9138.499907793908,9138.499907793908
2025-07-24,목요일,광주,KIA,LG,12364,1.0548849577617865,18192.053701912813,18192.053701912813
2025-07-24,목요일,고척,키움,롯데,15216,0.9395411872248991,15992.83877090266,15992.83877090266
2025-07-24,목요일,대구,삼성,SSG,24000,1.172189467965902,20187.251652397434,20187.251652397434
2025-07-25,금요일,사직,롯데,KIA,22669,1.4341230293796423,25061.53895891415,25061.53895891415
2025-07-25,금요일,잠실,두산,LG,20007,1.4931137828508705,26717.678489414622,26717.678489414622
2025-07-25,금요일,대전,한화,SSG,17000,0.917838681731944,16527.1234118517,16527.1234118517
2025-07-25,금요일,수원,KT,삼성,18700,0.8096080438589304,14745.121433454748,14745.121433454748
2025-07-25,금요일,창원,NC,키움,6171,0.624492500301448,11409.06165217392,11409.06165217392
2025-07-26,토요일,수원,KT,삼성,18700,0.9718732846937226,17268.633271751944,17268.633271751944
2025-07-26,토요일,대전,한화,SSG,17000,1.025869693824841,18228.063067757306,18228.063067757306
2025-07-26,토요일,창원,NC,키움,10690,0.9200974245410393,16141.637157693269,16141.637157693269
2025-07-26,토요일,사직,롯데,KIA,22669,1.4651472684177391,25312.47026809223,25312.47026809223
2025-07-26,토요일,잠실,두산,LG,23750,1.485947113632196,25618.273086294055,25618.273086294055
2025-07-27,일요일,창원,NC,키움,8115,0.847087595901738,14713.459760762042,14713.459760762042
2025-07-27,일요일,수원,KT,삼성,18700,0.9059675592698301,15256.463499185296,15256.463499185296
2025-07-27,일요일,사직,롯데,KIA,22669,1.458375855483666,24559.000793816424,24559.000793816424
2025-07-27,일요일,잠실,두산,LG,20780,1.491004703997236,25054.743645655955,25054.743645655955
2025-07-27,일요일,대전,한화,SSG,17000,0.9961970831091707,16866.04830244094,16866.04830244094
2025-07-29,화요일,잠실,LG,KT,17294,1.076200184342715,18181.003054230525,18181.003054230525
2025-07-29,화요일,사직,롯데,NC,22669,1.016025017537942,17327.866396602,17327.866396602
2025-07-29,화요일,대전,한화,삼성,17000,0.8842559866874342,15295.977958517464,15295.977958517464
2025-07-29,화요일,문학,SSG,키움,10177,1.0943716027000874,18684.35228911229,18684.35228911229
2025-07-29,화요일,광주,KIA,두산,14329,1.0616679604724821,18263.130756435778,18263.130756435778
2025-07-30,수요일,잠실,LG,KT,17782,1.1316889974477449,19144.480986090846,19144.480986090846
2025-07-30,수요일,사직,롯데,NC,22669,1.0317076633026256,17537.62027567146,17537.62027567146
2025-07-30,수요일,광주,KIA,두산,15391,1.0782475870651091,18305.912467811657,18305.912467811657
2025-07-30,수요일,대전,한화,삼성,17000,0.8953695183155534,15470.194537456133,15470.194537456133
2025-07-30,수요일,문학,SSG,키움,10514,1.1630564186884278,19833.60110789376,19833.60110789376
2025-07-31,목요일,문학,SSG,키움,10917,1.168194157846004,19856.652776624283,19856.652776624283
2025-07-31,목요일,대전,한화,삼성,17000,0.9424674528673989,15616.654278431037,15616.654278431037
2025-07-31,목요일,사직,롯데,NC,22669,1.0407455444622942,17655.97062965763,17655.97062965763
2025-07-31,목요일,잠실,LG,KT,17630,1.1375106368857388,19688.299522366975,19688.299522366975
2025-07-31,목요일,광주,KIA,두산,15584,1.072133013249176,18642.999327485948,18642.999327485948
2025-08-01,금요일,광주,KIA,한화,20500,1.1104632162316366,18997.989780493546,18997.989780493546
2025-08-01,금요일,창원,NC,KT,7590,0.6204193921734307,10569.38204248094,10569.38204248094
2025-08-01,금요일,대구,삼성,LG,24000,1.482890661741278,24648.5591497748,24648.5591497748
2025-08-01,금요일,고척,키움,롯데,16000,0.8957053056857022,15097.381638924215,15097.381638924215
2025-08-01,금요일,잠실,두산,SSG,15073,1.4412957434845148,24163.755528240934,24163.755528240934
2025-08-02,토요일,잠실,두산,SSG,17278,1.4752455891562741,25170.68941703732,25170.68941703732
2025-08-02,토요일,고척,키움,롯데,16000,0.9787190594517629,16652.545932916615,16652.545932916615
2025-08-02,토요일,대구,삼성,LG,24000,1.5138727795851932,25707.52783197004,25707.52783197004
2025-08-02,토요일,창원,NC,KT,9940,0.89493843046416,15594.272319556972,15594.272319556972
2025-08-03,일요일,창원,NC,KT,7561,0.7522932294665305,12789.486429750665,12789.486429750665
2025-08-03,일요일,대구,삼성,LG,24000,1.5078611766739767,24820.95309126955,24820.95309126955
2025-08-03,일요일,고척,키움,롯데,16000,0.9420017563948325,16005.112242084948,16005.112242084948
2025-08-03,일요일,잠실,두산,SSG,14422,1.4829919534810925,25063.35494287232,25063.35494287232
2025-08-05,화요일,창원,NC,키움,6661,0.4932727380751658,8200.97167656708,8200.97167656708
2025-08-05,화요일,문학,SSG,삼성,13850,1.242375102891648,20070.569787214576,20070.569787214576
2025-08-05,화요일,사직,롯데,KIA,22669,1.2345969677495767,19815.281332380706,19815.281332380706
2025-08-05,화요일,대전,한화,KT,16783,0.9517954736997768,15446.847375252628,15446.847375252628
2025-08-05,화요일,잠실,LG,두산,20239,1.299542360624314,20835.51934981094,20835.51934981094
2025-08-06,수요일,사직,롯데,KIA,20944,1.22545074727347,19779.918815024594,19779.918815024594
2025-08-06,수요일,대전,한화,KT,13919,0.8645981884077152,14265.726009029231,14265.726009029231
2025-08-06,수요일,잠실,LG,두산,20427,1.1940074819035045,19684.60634790816,19684.60634790816
2025-08-06,수요일,문학,SSG,삼성,12003,1.132112619718223,18764.011930083067,18764.011930083067
2025-08-06,수요일,창원,NC,키움,5776,0.486561032449327,7891.436073089145,7891.436073089145
2025-08-07,목요일,사직,롯데,KIA,22104,1.2574088074919685,19990.662444149562,19990.662444149562
2025-08-07,목요일,대전,한화,KT,17000,0.9191462136898041,14769.23965826037,14769.23965826037
2025-08-07,목요일,잠실,LG,두산,21392,1.3231522953914985,21547.049974608908,21547.049974608908
2025-08-07,목요일,문학,SSG,삼성,15174,1.2451273135074827,20711.198707420765,20711.198707420765
2025-08-07,목요일,창원,NC,키움,5893,0.4946733365099052,8198.188227756225,8198.188227756225
2025-08-08,금요일,수원,KT,삼성,18700,0.8296962809178003,13286.534990276077,13286.534990276077
2025-08-08,금요일,사직,롯데,SSG,20091,1.436790750967324,23059.629478574967,23059.629478574967
2025-08-08,금요일,잠실,LG,한화,23750,1.5491796191196527,25096.141797211363,25096.141797211363
2025-08-08,금요일,창원,NC,KIA,12141,0.9012943621167271,14698.278414254182,14698.278414254182
2025-08-08,금요일,고척,키움,두산,12841,0.8737526339142971,14381.677103351361,14381.677103351361
2025-08-09,토요일,잠실,LG,한화,23750,1.533667403888617,24673.181093538908,24673.181093538908
2025-08-09,토요일,고척,키움,두산,16000,0.9513683109795852,15551.098123549331,15551.098123549331
2025-08-09,토요일,수원,KT,삼성,18700,0.9529424311777764,15606.274665903033,15606.274665903033
2025-08-10,일요일,잠실,LG,한화,23750,1.584697044637275,26027.592493470816,26027.592493470816
2025-08-10,일요일,창원,NC,KIA,10773,0.9263010455573952,15453.17157601884,15453.17157601884
2025-08-10,일요일,고척,키움,두산,15111,0.9009934232291051,14633.724948288373,14633.724948288373
2025-08-10,일요일,사직,롯데,SSG,22062,1.4118009883401492,23173.48966274699,23173.48966274699
2025-08-10,일요일,수원,KT,삼성,18700,0.9108493101633086,15391.076218484508,15391.076218484508
2025-08-12,화요일,대구,삼성,KIA,22522,1.0272887283468612,17177.12361189981,17177.12361189981
2025-08-12,화요일,수원,KT,LG,14407,0.7491185290173711,12688.744438819669,12688.744438819669
2025-08-12,화요일,대전,한화,롯데,17000,0.9209787981985214,15599.293289540368,15599.293289540368
2025-08-12,화요일,잠실,두산,NC,11590,1.0636669226573898,18382.681768569983,18382.681768569983
2025-08-12,화요일,문학,SSG,키움,10091,1.1517448641185077,19818.112268382632,19818.112268382632
2025-08-13,수요일,대전,한화,롯데,17000,0.8857210428844944,14869.278199701552,14869.278199701552
2025-08-13,수요일,대구,삼성,KIA,24000,1.2378430378432501,20789.573820577385,20789.573820577385
2025-08-14,목요일,대구,삼성,KIA,24000,1.2504995287702285,21158.910543286147,21158.910543286147
2025-08-14,목요일,대전,한화,롯데,17000,0.9259227149593826,15761.272502672102,15761.272502672102
2025-08-14,목요일,잠실,두산,NC,10938,0.9217643125966617,15785.152402263659,15785.152402263659
2025-08-14,목요일,문학,SSG,키움,9461,0.9963608656828373,16747.464458945396,16747.464458945396
2025-08-15,금요일,문학,SSG,LG,23000,1.4195264382268138,23740.018200261413,23740.018200261413
2025-08-15,금요일,창원,NC,한화,17983,0.8637190608932849,14940.641105967405,14940.641105967405
2025-08-15,금요일,잠실,두산,KIA,23750,1.5128218594242409,25961.03165562626,25961.03165562626
2025-08-15,금요일,고척,키움,KT,11585,0.7666165058277769,13328.139031486453,13328.139031486453
2025-08-15,금요일,사직,롯데,삼성,22669,1.4477185270031196,24696.292551156585,24696.292551156585
2025-08-16,토요일,창원,NC,한화,17983,0.9872167881888507,17087.34050004554,17087.34050004554
2025-08-16,토요일,잠실,두산,KIA,23750,1.5040195793433864,26638.59318149832,26638.59318149832
2025-08-16,토요일,고척,키움,KT,10163,0.8870834805333445,15860.993493037498,15860.993493037498
2025-08-16,토요일,문학,SSG,LG,23000,1.4521450277572012,25483.693092111123,25483.693092111123
2025-08-16,토요일,사직,롯데,삼성,22669,1.4699943203410646,25760.180469656814,25760.180469656814
2025-08-17,일요일,사직,롯데,삼성,22669,1.4532034308517274,25975.914446245904,25975.914446245904
2025-08-17,일요일,문학,SSG,LG,23000,1.4960186409563394,27231.3291792958,27231.3291792958
2025-08-17,일요일,창원,NC,한화,12179,0.9168401630643046,16665.892625440167,16665.892625440167
2025-08-17,일요일,잠실,두산,KIA,23750,1.4958900247343285,27001.064261458756,27001.064261458756
2025-08-17,일요일,고척,키움,KT,8838,0.8002405401001497,14579.182279814577,14579.182279814577
2025-08-19,화요일,잠실,LG,롯데,23750,1.4159757494283016,25093.119845110352,25093.119845110352
2025-08-19,화요일,대전,한화,두산,16580,0.9422679843792445,17105.932988420805,17105.932988420805
2025-08-19,화요일,수원,KT,SSG,8853,0.8104337423301595,14752.298397177816,14752.298397177816
2025-08-19,화요일,창원,NC,삼성,8343,0.7606009957045449,13510.301953034597,13510.301953034597
2025-08-19,화요일,광주,KIA,키움,11023,1.033296241529076,17997.36840041658,17997.36840041658
2025-08-20,수요일,잠실,LG,롯데,23750,1.4252595870876639,24278.06184106288,24278.06184106288
2025-08-20,수요일,대전,한화,두산,16054,0.942673569571172,16351.207245901402,16351.207245901402
2025-08-20,수요일,수원,KT,SSG,9062,0.8042140206393996,13924.188360484586,13924.188360484586
2025-08-20,수요일,창원,NC,삼성,9430,0.751073929067885,12940.828547256207,12940.828547256207
2025-08-20,수요일,광주,KIA,키움,10503,1.0368339383533967,17841.56192213502,17841.56192213502
2025-08-21,목요일,광주,KIA,키움,10061,1.0413684428835264,17694.064774441144,17694.064774441144
2025-08-21,목요일,창원,NC,삼성,9832,0.7647778563384522,12639.126735372642,12639.126735372642
2025-08-21,목요일,수원,KT,SSG,9912,0.8032915917497568,12896.25742504173,12896.25742504173
2025-08-21,목요일,잠실,LG,롯데,23750,1.3841514022888475,21894.50688140499,21894.50688140499
2025-08-21,목요일,대전,한화,두산,16369,0.9529085441126129,15480.062826345673,15480.062826345673
2025-08-22,금요일,잠실,두산,KT,16397,1.3899482313122715,22899.860426946776,22899.860426946776
2025-08-22,금요일,광주,KIA,LG,14633,1.0979083695509986,17846.756725671043,17846.756725671043
2025-08-22,금요일,창원,NC,롯데,17983,0.8376414698287141,13522.520910944502,13522.520910944502
2025-08-22,금요일,대전,한화,SSG,16446,0.915366827353714,14601.321385394876,14601.321385394876
2025-08-22,금요일,대구,삼성,키움,24000,1.4637047654133872,23585.211576853228,23585.211576853228
2025-08-23,토요일,잠실,두산,KT,21834,1.3726330112487914,22178.638160288305,22178.638160288305
2025-08-23,토요일,광주,KIA,LG,20500,1.3025300643738984,21213.134881399747,21213.134881399747
2025-08-23,토요일,창원,NC,롯데,17983,1.040541502560106,16833.63763540013,16833.63763540013
2025-08-23,토요일,대전,한화,SSG,17000,1.0192466586558633,16754.818248537165,16754.818248537165
2025-08-23,토요일,대구,삼성,키움,24000,1.516568286801756,24626.69302067786,24626.69302067786
2025-08-24,일요일,대구,삼성,키움,24000,1.4823215908979668,24136.346000273414,24136.346000273414
2025-08-24,일요일,대전,한화,SSG,17000,0.984413858569343,16072.689137838091,16072.689137838091
2025-08-24,일요일,잠실,두산,KT,17905,1.3840790077753513,22321.27283822772,22321.27283822772
2025-08-24,일요일,광주,KIA,LG,15128,1.2382924360564196,20206.49724798319,20206.49724798319
2025-08-24,일요일,창원,NC,롯데,17983,0.9423253736974395,15106.072546439964,15106.072546439964
2025-08-26,화요일,고척,키움,한화,16000,0.9451603462386465,15439.635330636536,15439.635330636536
2025-08-26,화요일,문학,SSG,KIA,17488,1.238202324663018,19906.74386725063,19906.74386725063
2025-08-26,화요일,사직,롯데,KT,16116,1.1654326168925426,18772.08933333494,18772.08933333494
2025-08-26,화요일,창원,NC,LG,6496,0.733532852066093,11992.895364854587,11992.895364854587
2025-08-26,화요일,잠실,두산,삼성,20491,1.3533771142698456,22043.716212086292,22043.716212086292
2025-08-27,수요일,고척,키움,한화,16000,0.9481680634839863,15742.940047658481,15742.940047658481
2025-08-27,수요일,문학,SSG,KIA,17688,1.2559469557987903,20528.70418192239,20528.70418192239
2025-08-27,수요일,사직,롯데,KT,16826,1.1575914303683286,18984.113594230468,18984.113594230468
2025-08-27,수요일,창원,NC,LG,8337,0.730220955096183,12164.361439771263,12164.361439771263
2025-08-27,수요일,잠실,두산,삼성,21198,1.3323909247170855,22147.04636367822,22147.04636367822
2025-08-28,목요일,잠실,두산,삼성,23126,1.3871299667962014,23551.432378914866,23551.432378914866
2025-08-28,목요일,사직,롯데,KT,17273,1.1292096321323954,19664.094174274604,19664.094174274604
2025-08-28,목요일,창원,NC,LG,9528,0.7514439001636515,13272.052260950422,13272.052260950422
2025-08-28,목요일,고척,키움,한화,16000,0.9390315716980423,16573.218617317867,16573.218617317867
2025-08-28,목요일,문학,SSG,KIA,17833,1.2751664488997556,22176.334701719057,22176.334701719057
2025-08-29,금요일,수원,KT,KIA,18700,0.9184905461791226,16018.230194551585,16018.230194551585
2025-08-29,금요일,문학,SSG,NC,11509,1.0975532232171807,19225.291034483747,19225.291034483747
2025-08-29,금요일,사직,롯데,두산,19473,1.4599583311225177,25421.32977956002,25421.32977956002
2025-08-29,금요일,대전,한화,삼성,17000,0.9584182684828221,16735.931751522654,16735.931751522654
2025-08-29,금요일,잠실,LG,키움,22231,1.4445502268930357,25251.46024120371,25251.46024120371
2025-08-30,토요일,수원,KT,KIA,18700,0.9965153209558514,17360.82488120973,17360.82488120973
2025-08-30,토요일,문학,SSG,NC,20449,1.288410633968291,22311.492842471158,22311.492842471158
2025-08-30,토요일,사직,롯데,두산,22669,1.4251207945376614,24676.489101710937,24676.489101710937
2025-08-30,토요일,대전,한화,삼성,17000,1.0577959357395088,18481.352211001875,18481.352211001875
2025-08-30,토요일,잠실,LG,키움,23750,1.46724608482345,25635.087787398563,25635.087787398563
2025-08-31,일요일,대전,한화,삼성,17000,1.0225428083492119,17856.903655524235,17856.903655524235
2025-08-31,일요일,사직,롯데,두산,20350,1.416714986179916,24409.857540381337,24409.857540381337
2025-08-31,일요일,잠실,LG,키움,22503,1.4748655454360897,25576.479180549642,25576.479180549642
2025-08-31,일요일,수원,KT,KIA,18700,0.9894120228820564,17309.598438317764,17309.598438317764
2025-08-31,일요일,문학,SSG,NC,13129,1.2400882058463587,21842.78964895718,21842.78964895718
2025-09-02,화요일,문학,SSG,키움,11112,1.178392160724158,20565.41782817408,20565.41782817408
2025-09-02,화요일,수원,KT,NC,6710,0.5109092778938362,8833.195657052851,8833.195657052851
2025-09-02,화요일,대전,한화,KIA,16730,0.916366145070984,15513.987199437253,15513.987199437253
2025-09-02,화요일,잠실,LG,롯데,23750,1.4296943073708421,24233.84273118181,24233.84273118181
2025-09-03,수요일,수원,KT,롯데,14910,0.7828836239814855,13720.426952087524,13720.426952087524
2025-09-03,수요일,대전,한화,NC,17000,0.916061882861448,15884.024482479983,15884.024482479983
2025-09-03,수요일,광주,KIA,SSG,14468,0.9916584620127687,17227.88412885543,17227.88412885543
2025-09-03,수요일,대구,삼성,키움,22446,1.1762513483628814,20308.52844678105,20308.52844678105
2025-09-04,목요일,수원,KT,LG,12424,0.7720915012984392,13475.158553861398,13475.158553861398
2025-09-04,목요일,창원,NC,두산,5335,0.7524205732733142,13234.3505439901,13234.3505439901
2025-09-05,금요일,문학,SSG,롯데,21529,1.4742321565369532,25150.793719095498,25150.793719095498
2025-09-05,금요일,창원,NC,두산,6590,0.8254022603076083,14037.643754460172,14037.643754460172
2025-09-05,금요일,대구,삼성,키움,24000,1.479289304572346,24631.547591147166,24631.547591147166
2025-09-06,토요일,창원,NC,KIA,15040,1.0223075557287595,17515.53612148608,17515.53612148608
2025-09-06,토요일,대구,삼성,한화,24000,1.502598657060475,25696.440500610202,25696.440500610202
2025-09-07,일요일,창원,NC,KIA,11095,0.9088027431613551,15728.558195619258,15728.558195619258
2025-09-07,일요일,잠실,LG,SSG,23750,1.4844668228864282,25315.206517411418,25315.206517411418
2025-09-07,일요일,대구,삼성,한화,24000,1.433397760778793,25029.17943998818,25029.17943998818
2025-09-09,화요일,사직,롯데,한화,18109,1.1159080904682501,19653.74525869031,19653.74525869031
2025-09-09,화요일,고척,키움,LG,14773,0.892808498856497,15757.445038867972,15757.445038867972
2025-09-09,화요일,수원,KT,두산,12252,0.7721765777394135,13436.412976270212,13436.412976270212
2025-09-10,수요일,사직,롯데,한화,22011,1.2540292530492523,21551.454136078737,21551.454136078737
2025-09-10,수요일,잠실,두산,LG,17856,1.2900384925141566,22237.46852754361,22237.46852754361
2025-09-10,수요일,창원,NC,SSG,4514,0.7334072134656668,12524.68834723858,12524.68834723858
2025-09-10,수요일,광주,KIA,삼성,9793,1.0957020923300085,18255.711700728738,18255.711700728738
2025-09-11,목요일,잠실,LG,KT,20722,1.1850266192060306,19192.651623773567,19192.651623773567
2025-09-11,목요일,광주,KIA,롯데,9614,1.116223138844748,18216.79883338425,18216.79883338425
2025-09-11,목요일,고척,키움,NC,7035,0.4615257539062552,7366.95100481063,7366.95100481063
2025-09-11,목요일,대구,삼성,SSG,24000,1.1505957793046953,17772.754411415262,17772.754411415262
2025-09-12,금요일,광주,KIA,두산,9617,1.1118884438120349,17371.29259831231,17371.29259831231
2025-09-13,토요일,사직,롯데,SSG,22669,1.4392499935971812,22317.250275716822,22317.250275716822
2025-09-13,토요일,대전,한화,키움,17000,1.044300409126823,16595.395521597995,16595.395521597995
2025-09-13,토요일,대구,삼성,KT,24000,1.4323657039232136,23253.59778377102,23253.59778377102
2025-09-13,토요일,잠실,LG,KIA,23750,1.503116870147236,24766.455838250633,24766.455838250633
2025-09-13,토요일,창원,NC,두산,12658,1.0003282896205337,16482.142473866967,16482.142473866967
2025-09-14,일요일,잠실,LG,KIA,23750,1.5126406907786236,24809.828396587392,24809.828396587392
2025-09-14,일요일,대구,삼성,KT,24000,1.4085523535985238,23419.530465831456,23419.530465831456
2025-09-14,일요일,창원,NC,두산,11711,0.8677187723257547,14702.973965796518,14702.973965796518
2025-09-14,일요일,대전,한화,키움,17000,1.020540112014474,16927.256603935537,16927.256603935537
2025-09-15,월요일,대전,한화,키움,17000,0.9112578048111392,15253.635520514139,15253.635520514139
2025-09-16,화요일,광주,KIA,한화,9197,1.037417520225305,17768.81812525101,17768.81812525101
2025-09-16,화요일,수원,KT,LG,11481,0.7730033564511111,12922.19404267903,12922.19404267903
2025-09-16,화요일,대구,삼성,롯데,24000,1.2287908793402669,20741.867164175772,20741.867164175772
2025-09-16,화요일,창원,NC,SSG,5145,0.7433415607318136,12547.531210996942,12547.531210996942
2025-09-16,화요일,잠실,두산,키움,12716,1.060956421084068,17558.8994993694,17558.8994993694
2025-09-17,수요일,광주,KIA,한화,6782,0.9548322704456956,15443.393486703984,15443.393486703984
2025-09-17,수요일,창원,NC,SSG,5083,0.7638962185756428,12245.383699803984,12245.383699803984
2025-09-17,수요일,잠실,두산,키움,10037,1.0485569357540296,16156.09536230237,16156.09536230237
2025-09-18,목요일,잠실,두산,키움,13498,1.2753922341002148,19057.54845804246,19057.54845804246
2025-09-18,목요일,창원,NC,삼성,12039,0.7764458719984811,11482.702711811138,11482.702711811138
2025-09-18,목요일,수원,KT,LG,7016,0.782420063378429,11499.749284848356,11499.749284848356
2025-09-18,목요일,수원,KT,LG,14875,0.782420063378429,11363.190903120041,11363.190903120041
2025-09-18,목요일,광주,KIA,한화,10841,1.0251487404880653,14644.523130869475,14644.523130869475
2025-09-19,금요일,창원,NC,롯데,17983,0.8563495715490248,12032.938914649685,12032.938914649685
2025-09-20,토요일,수원,KT,한화,18700,0.9528998863185497,13817.429511573499,13817.429511573499
2025-09-20,토요일,광주,KIA,NC,17739,1.2991003297437411,19223.17730931706,19223.17730931706
2025-09-20,토요일,문학,SSG,두산,23000,1.415793221977303,20809.140004192803,20809.140004192803
2025-09-20,토요일,잠실,LG,삼성,23750,1.4774069733962005,22373.949698910288,22373.949698910288
2025-09-20,토요일,사직,롯데,키움,22669,1.4715808739495118,23105.63467075187,23105.63467075187
2025-09-21,일요일,광주,KIA,NC,13805,1.2271289881182723,19212.994949769374,19212.994949769374
2025-09-21,일요일,문학,SSG,두산,23000,1.4718699171554095,23250.344084014854,23250.344084014854
2025-09-21,일요일,수원,KT,삼성,18700,0.9043830909853168,14296.035710750395,14296.035710750395
2025-09-22,월요일,문학,SSG,두산,13067,1.1790640897906615,18704.869231120683,18704.869231120683
2025-09-23,화요일,수원,KT,키움,12632,0.7242732002488556,11226.041464337195,11226.041464337195
2025-09-23,화요일,대구,삼성,두산,23950,1.1481840016949703,17371.028852843432,17371.028852843432
2025-09-23,화요일,울산,롯데,NC,9690,0.7758323632907284,12029.694570083164,12029.694570083164
2025-09-23,화요일,문학,SSG,KIA,19974,1.2437204598314164,18701.658725090365,18701.658725090365
2025-09-24,수요일,고척,키움,KIA,16000,0.8912466358401276,13281.951531713476,13281.951531713476
2025-09-24,수요일,창원,NC,LG,10764,0.7386844745740097,11113.975753466539,11113.975753466539
2025-09-24,수요일,대구,삼성,롯데,23940,1.1925566615777,17694.877481268875,17694.877481268875
2025-09-25,목요일,잠실,두산,한화,23750,1.4155690461449388,21331.3515132627,21331.3515132627
2025-09-25,목요일,문학,SSG,KT,15279,1.0854274716704566,16882.95597985662,16882.95597985662
2025-09-25,목요일,울산,롯데,LG,9315,0.7366205536461158,11550.799577614012,11550.799577614012
2025-09-25,목요일,대구,삼성,키움,23089,1.0371673615140684,15755.920538968667,15755.920538968667
2025-09-26,금요일,문학,SSG,KT,19087,1.3198864261547234,20840.258733341594,20840.258733341594
2025-09-26,금요일,대전,한화,LG,17000,0.9669597829378191,15473.097054614394,15473.097054614394
2025-09-26,금요일,잠실,두산,NC,18418,1.3080088151267657,21376.003260327656,21376.003260327656
2025-09-26,금요일,사직,롯데,삼성,22669,1.479620244997588,24838.23709075001,24838.23709075001
2025-09-27,토요일,잠실,두산,SSG,23750,1.4815378851003629,25494.254542210874,25494.254542210874
2025-09-27,토요일,광주,KIA,NC,14945,1.3012484381307814,22836.519714663777,22836.519714663777
2025-09-27,토요일,대전,한화,LG,17000,1.044551559075494,18432.74872399631,18432.74872399631
2025-09-28,일요일,잠실,두산,롯데,23750,1.370371544700936,24638.412471744516,24638.412471744516
2025-09-28,일요일,고척,키움,삼성,16000,0.9759874142668195,17836.365193208978,17836.365193208978
2025-09-29,월요일,대전,한화,LG,17000,0.9128046995969601,16838.660427581723,16838.660427581723
2025-09-29,월요일,문학,SSG,롯데,22184,1.1983347029451974,22066.614553914045,22066.614553914045
2025-09-29,월요일,광주,KIA,NC,3634,1.0586327358491034,19617.029199409673,19617.029199409673
2025-09-30,화요일,대구,삼성,KIA,23933,1.136540519550712,20526.33851460969,20526.33851460969
2025-09-30,화요일,창원,NC,KT,14235,0.4976177388901191,9002.634735872627,9002.634735872627
2025-09-30,화요일,대전,한화,롯데,17000,0.9569102035263982,17008.40903053926,17008.40903053926
2025-09-30,화요일,잠실,LG,두산,23750,1.2417693238331444,21836.92748271379,21836.92748271379
2025-09-30,화요일,고척,키움,SSG,16000,0.9126014126514811,16350.927410241144,16350.927410241144
2025-10-01,수요일,문학,SSG,한화,23000,1.1570115894471207,20460.014441988158,20460.014441988158
2025-10-01,수요일,광주,KIA,KT,6777,1.0912632528144364,19453.768130714154,19453.768130714154
2025-10-01,수요일,잠실,LG,NC,23750,1.0737195226369973,18915.895783549757,18915.895783549757
2025-10-02,목요일,광주,KIA,SSG,8043,1.041034700835574,18725.889290533443,18725.889290533443
2025-10-03,금요일,수원,KT,한화,18700,0.9182530309461489,16030.432896176759,16030.432896176759
2025-10-04,토요일,창원,NC,SSG,17983,0.9661834369593966,17157.3566490667,17157.3566490667
2025-10-04,토요일,광주,KIA,삼성,17513,1.3423688031524383,23748.517680971363,23748.517680971363
