일시,구장,홈,방문,관중수,예측관중,오차,오차율(%)
2025-03-22,수원,KT,한화,18700.0,19308.26571631631,-608.2657163163094,3.252757841263686
2025-03-22,잠실,LG,롯데,23750.0,27263.09950031433,-3513.099500314329,14.791997896060332
2025-03-22,광주,KIA,NC,20500.0,26229.801939920857,-5729.801939920857,27.950253365467592
2025-03-22,문학,SSG,두산,23000.0,25912.5637461391,-2912.5637461391016,12.663320635387398
2025-03-22,대구,삼성,키움,24000.0,27477.170217076593,-3477.170217076593,14.488209237819138
2025-03-23,수원,KT,한화,18700.0,19124.01200043408,-424.0120004340788,2.2674438525886567
2025-03-23,잠실,LG,롯데,23750.0,25489.13938298701,-1739.1393829870103,7.322692138892675
2025-03-23,광주,KIA,NC,20500.0,26281.058125589305,-5781.058125589305,28.200283539460024
2025-03-23,문학,SSG,두산,23000.0,24839.941385137037,-1839.9413851370373,7.999745152769727
2025-03-23,대구,삼성,키움,24000.0,27346.120302407424,-3346.120302407424,13.942167926697598
2025-03-25,잠실,LG,한화,23750.0,22105.710176358425,1644.289823641575,6.923325573227684
2025-03-25,문학,SSG,롯데,13860.0,18126.083440963004,-4266.083440963004,30.77982280637088
2025-03-25,대구,삼성,NC,21024.0,16540.828951100375,4483.171048899625,21.32406320823642
2025-03-25,수원,KT,두산,8141.0,9624.918264629283,-1483.918264629283,18.227714833918228
2025-03-25,광주,KIA,키움,15053.0,16924.07179822677,-1871.0717982267706,12.429893032795926
2025-03-26,잠실,LG,한화,23750.0,21931.001020701464,1818.9989792985361,7.658943070730678
2025-03-26,문학,SSG,롯데,14855.0,19416.37747551483,-4561.37747551483,30.70600791326038
2025-03-26,대구,삼성,NC,24000.0,16598.508664828736,7401.491335171264,30.839547229880264
2025-03-26,수원,KT,두산,9607.0,10017.6241784094,-410.6241784094,4.274218574054335
2025-03-26,광주,KIA,키움,17780.0,16934.43066314504,845.5693368549582,4.755733053177493
2025-03-27,잠실,LG,한화,23750.0,18925.73209942775,4824.267900572249,20.31270694977789
2025-03-27,문학,SSG,롯데,14155.0,17499.73641457192,-3344.7364145719184,23.629363578748983
2025-03-27,대구,삼성,NC,20781.0,17832.936753702452,2948.063246297548,14.186339667472922
2025-03-27,수원,KT,두산,9024.0,9737.882698822272,-713.8826988222718,7.9109341624808485
2025-03-27,광주,KIA,키움,12288.0,14362.612014346652,-2074.6120143466524,16.88323579383669
2025-03-28,대전,한화,KIA,17000.0,18488.431422563437,-1488.431422563437,8.755478956255512
2025-03-28,사직,롯데,KT,22665.0,23568.92673311459,-903.9267331145893,3.9882053082487947
2025-03-28,창원,NC,LG,15510.0,14982.401134115316,527.5988658846836,3.4016690256910613
2025-03-28,고척,키움,SSG,11002.0,14982.695164253764,-3980.6951642537642,36.181559391508486
2025-03-28,잠실,두산,삼성,23750.0,26131.11689014788,-2381.1168901478813,10.025755326938448
2025-03-29,대전,한화,KIA,17000.0,19873.993718380952,-2873.9937183809525,16.905845402240896
2025-03-29,사직,롯데,KT,22665.0,26568.093824098512,-3903.0938240985124,17.22079781203844
2025-03-29,창원,NC,LG,17943.0,17146.36458477672,796.6354152232816,4.4398117105460715
2025-03-29,고척,키움,SSG,13785.0,17325.093593371763,-3540.093593371763,25.68076600197144
2025-03-29,잠실,두산,삼성,23750.0,27288.132634581005,-3538.132634581005,14.897400566656863
2025-03-30,대전,한화,KIA,17000.0,19235.140392753332,-2235.140392753332,13.147884663254894
2025-03-30,사직,롯데,KT,22665.0,25617.57446427915,-2952.5744642791506,13.027021682237594
2025-03-30,고척,키움,SSG,13081.0,16928.46528949248,-3847.46528949248,29.412623572299367
2025-03-30,잠실,두산,삼성,23750.0,27402.295049806773,-3652.295049806773,15.378084420239043
2025-04-02,대전,한화,롯데,16252.0,11529.46385198145,4722.536148018549,29.058184518942586
2025-04-02,수원,KT,LG,7829.0,8602.710623602981,-773.7106236029813,9.882623880482582
2025-04-02,잠실,두산,키움,8336.0,21946.221029537737,-13610.221029537737,163.27040582458898
2025-04-02,광주,KIA,삼성,12172.0,15897.243661770672,-3725.2436617706717,30.605025154211894
2025-04-03,수원,KT,LG,8627.0,9228.095982050283,-601.095982050283,6.9676130989948195
2025-04-03,대전,한화,롯데,16559.0,12241.572502773182,4317.427497226818,26.07299654101587
2025-04-03,광주,KIA,삼성,12826.0,15914.01338902268,-3088.0133890226807,24.07619982085358
2025-04-03,잠실,두산,키움,9131.0,23948.46421813623,-14817.464218136229,162.27646717923807
2025-04-04,대구,삼성,한화,24000.0,26977.46785653338,-2977.4678565333816,12.406116068889089
2025-04-04,잠실,LG,KIA,23750.0,31076.308450542987,-7326.308450542987,30.84761452860205
2025-04-04,문학,SSG,KT,13323.0,24333.589914452616,-11010.589914452616,82.64347305000838
2025-04-04,고척,키움,NC,5161.0,14692.725429299282,-9531.725429299282,184.68756886842243
2025-04-04,사직,롯데,두산,17293.0,25821.907303722284,-8528.907303722284,49.319998286718814
2025-04-05,대구,삼성,한화,24000.0,27111.328537633057,-3111.328537633057,12.963868906804404
2025-04-05,고척,키움,NC,8895.0,19568.359124778533,-10673.359124778533,119.99279510712235
2025-04-05,사직,롯데,두산,21807.0,26527.194135275637,-4720.194135275637,21.645316344639962
2025-04-06,문학,SSG,KT,18679.0,24756.05575189675,-6077.055751896751,32.53416002942743
2025-04-06,대구,삼성,한화,24000.0,28368.05625514628,-4368.056255146279,18.20023439644283
2025-04-06,고척,키움,NC,7041.0,17371.878299382675,-10330.878299382675,146.72458882804537
2025-04-06,사직,롯데,두산,22665.0,26746.8021076013,-4081.802107601299,18.00927468608559
2025-04-06,잠실,LG,KIA,23750.0,29876.1398943611,-6126.139894361098,25.79427323941515
2025-04-08,잠실,두산,한화,20986.0,24624.670594958003,-3638.6705949580028,17.338561874382936
2025-04-08,사직,롯데,KIA,14038.0,19624.557928640468,-5586.557928640468,39.79596757829084
2025-04-08,고척,키움,LG,10452.0,9196.16864437916,1255.8313556208395,12.015225369506693
2025-04-08,수원,KT,NC,5233.0,9517.659831330087,-4284.659831330087,81.87769599331335
2025-04-08,대구,삼성,SSG,19327.0,15468.043301137917,3858.9566988620827,19.96666165914049
2025-04-09,잠실,두산,한화,19300.0,20187.58892558501,-887.5889255850088,4.598906350181393
2025-04-09,사직,롯데,KIA,13551.0,21596.685529110342,-8045.685529110342,59.3733711837528
2025-04-09,고척,키움,LG,9967.0,8843.255066872754,1123.7449331272455,11.274655695066174
2025-04-09,수원,KT,NC,3667.0,8914.890053980596,-5247.890053980596,143.11126408455402
2025-04-09,대구,삼성,SSG,20632.0,14402.138164664755,6229.861835335245,30.19514266835617
2025-04-10,사직,롯데,KIA,13726.0,19940.99910334941,-6214.999103349412,45.279025960581464
2025-04-10,수원,KT,NC,5086.0,9647.86213843297,-4561.862138432971,89.69449741315319
2025-04-10,잠실,두산,한화,21561.0,24331.46775060109,-2770.4677506010885,12.849439963828619
2025-04-10,대구,삼성,SSG,21291.0,16351.91234070899,4939.08765929101,23.198006947963975
2025-04-10,고척,키움,LG,10627.0,9455.174311850446,1171.8256881495545,11.026872006676903
2025-04-11,사직,NC,롯데,13728.0,25866.764390354067,-12138.764390354067,88.42340027938567
2025-04-11,잠실,LG,두산,23750.0,26631.480424459343,-2881.4804244593433,12.132549155618287
2025-04-11,광주,KIA,SSG,20500.0,24891.97706737201,-4391.977067372009,21.424278377424432
2025-04-11,수원,KT,삼성,17416.0,14734.559286551288,2681.440713448712,15.39642118424846
2025-04-11,대전,한화,키움,17000.0,18165.688989578306,-1165.688989578306,6.856994056342977
2025-04-12,사직,NC,롯데,15222.0,25204.845168129963,-9982.845168129963,65.5816920781104
2025-04-12,잠실,LG,두산,22938.0,25379.22934927053,-2441.2293492705285,10.642729746580034
2025-04-12,대전,한화,키움,15457.0,20813.67021557595,-5356.6702155759485,34.65530319968913
2025-04-13,사직,NC,롯데,21003.0,26369.070081984457,-5366.070081984457,25.549064809715073
2025-04-13,잠실,LG,두산,23750.0,26318.058758029503,-2568.058758029503,10.812878981176857
2025-04-13,광주,KIA,SSG,20500.0,25468.808340472126,-4968.808340472126,24.238089465717685
2025-04-13,수원,KT,삼성,18700.0,20314.692333273644,-1614.6923332736442,8.634718359752108
2025-04-13,대전,한화,키움,17000.0,19881.190887154095,-2881.1908871540945,16.948181689141734
2025-04-15,광주,KIA,KT,10979.0,15957.464089496769,-4978.464089496769,45.34533281261289
2025-04-15,문학,SSG,한화,15618.0,18301.796331159785,-2683.796331159785,17.183994949159846
2025-04-15,사직,롯데,키움,9714.0,21300.107189279606,-11586.107189279606,119.27225848548082
2025-04-15,잠실,LG,삼성,23750.0,21461.077015612605,2288.9229843873945,9.637570460578504
2025-04-16,문학,SSG,한화,16785.0,20152.69044186184,-3367.6904418618396,20.063690448983255
2025-04-16,광주,KIA,KT,12423.0,17801.930185995967,-5378.930185995967,43.298158142123214
2025-04-16,잠실,LG,삼성,23750.0,23152.434745575854,597.5652544241457,2.5160642291542974
2025-04-16,사직,롯데,키움,11679.0,22201.911283401543,-10522.911283401543,90.10113266034372
2025-04-17,문학,SSG,한화,18098.0,18964.808371540847,-866.8083715408466,4.789525757215419
2025-04-17,광주,KIA,KT,12104.0,22142.309162682,-10038.309162681999,82.93381661171513
2025-04-17,잠실,LG,삼성,23750.0,23584.147676139226,165.85232386077405,0.6983255741506276
2025-04-17,사직,롯데,키움,11812.0,16974.824026306345,-5162.824026306345,43.708296870185784
2025-04-18,잠실,두산,KIA,23750.0,29641.432859050503,-5891.432859050503,24.80603309073896
2025-04-18,고척,키움,KT,4666.0,15086.371320605916,-10420.371320605916,223.32557480938527
2025-04-18,문학,SSG,LG,18091.0,23286.028424202555,-5195.0284242025555,28.71609321874167
2025-04-18,대구,삼성,롯데,24000.0,27618.431578724492,-3618.4315787244923,15.076798244685385
2025-04-18,대전,한화,NC,17000.0,16408.36902927938,591.6309707206201,3.4801821807095297
2025-04-19,고척,키움,KT,8281.0,19995.76042019692,-11714.760420196919,141.46552856173068
2025-04-19,대구,삼성,롯데,24000.0,29207.198559672976,-5207.1985596729755,21.696660665304066
2025-04-19,잠실,두산,KIA,23750.0,25825.065682073637,-2075.0656820736367,8.73711866136268
2025-04-19,대전,한화,NC,17000.0,19423.31562774665,-2423.3156277466514,14.25479781027442
2025-04-19,문학,SSG,LG,18727.0,23920.502552126134,-5193.502552126134,27.73269905551415
2025-04-20,잠실,두산,KIA,23750.0,28951.075810181264,-5201.075810181264,21.89926656918427
2025-04-20,고척,키움,KT,6859.0,16695.90939535658,-9836.909395356579,143.4160868254349
2025-04-20,문학,SSG,LG,23000.0,24347.178442793942,-1347.178442793942,5.857297577364965
2025-04-20,대구,삼성,롯데,24000.0,26353.436374237346,-2353.436374237346,9.805984892655609
2025-04-20,대전,한화,NC,17000.0,18641.914397238295,-1641.9143972382954,9.658319983754678
2025-04-22,잠실,LG,NC,12941.0,15414.520415038576,-2473.520415038576,19.113827486581997
2025-04-22,고척,키움,두산,6809.0,10336.664810428152,-3527.664810428152,51.80885314184391
2025-04-22,수원,KT,SSG,5497.0,10711.285900659894,-5214.285900659894,94.85693834200279
2025-04-23,사직,롯데,한화,19376.0,19563.01793368861,-187.01793368861036,0.9652040343136372
2025-04-23,대구,삼성,KIA,22257.0,18106.64788639929,4150.352113600711,18.647401328124687
2025-04-23,잠실,LG,NC,17828.0,20716.307715709772,-2888.3077157097723,16.200963179884294
2025-04-23,고척,키움,두산,6801.0,8779.283542298737,-1978.2835422987373,29.08812736801555
2025-04-23,수원,KT,SSG,7581.0,10927.651218466035,-3346.651218466035,44.145247572431536
2025-04-24,잠실,LG,NC,19325.0,20927.945707883584,-1602.945707883584,8.294673779475207
2025-04-24,대구,삼성,KIA,24000.0,18456.124457917438,5543.875542082562,23.099481425344006
2025-04-24,수원,KT,SSG,7815.0,9620.167648064711,-1805.167648064711,23.098754293854267
2025-04-24,고척,키움,두산,7690.0,9599.774625562612,-1909.7746255626116,24.83452048846049
2025-04-24,사직,롯데,한화,22669.0,19422.044854455587,3246.9551455444125,14.323327652496415
2025-04-25,대전,한화,KT,17000.0,16934.33744400967,65.66255599032957,0.3862503293548798
2025-04-25,광주,KIA,LG,20500.0,24373.072877588365,-3873.0728775883654,18.89303842726032
2025-04-25,잠실,두산,롯데,23750.0,26187.595130426154,-2437.5951304261544,10.263558443899596
2025-04-25,대구,삼성,NC,24000.0,25188.258224553803,-1188.2582245538033,4.951075935640848
2025-04-25,문학,SSG,키움,12140.0,24581.800581301377,-12441.800581301377,102.48600149342155
2025-04-26,대전,한화,KT,17000.0,18776.742080671935,-1776.7420806719347,10.451424003952557
2025-04-26,광주,KIA,LG,20500.0,26108.18762537935,-5608.187625379349,27.35701280672853
2025-04-26,잠실,두산,롯데,23750.0,26993.325021875135,-3243.3250218751346,13.656105355263726
2025-04-26,대구,삼성,NC,24000.0,27412.56534650326,-3412.565346503259,14.219022277096913
2025-04-26,문학,SSG,키움,18641.0,26216.206328890574,-7575.206328890574,40.63733881707298
2025-04-27,대전,한화,KT,17000.0,18847.610229566384,-1847.610229566384,10.868295468037553
2025-04-27,문학,SSG,키움,16422.0,24673.268524045565,-8251.268524045565,50.24521083939572
2025-04-27,광주,KIA,LG,20500.0,25611.28401437197,-5111.2840143719695,24.933092753033996
2025-04-27,대구,삼성,NC,24000.0,26935.760149634818,-2935.760149634818,12.232333956811742
2025-04-27,잠실,두산,롯데,23750.0,25223.11773080052,-1473.1177308005208,6.202600971791666
2025-04-29,잠실,두산,KT,14138.0,20784.970793969445,-6646.970793969445,47.0149299332964
2025-04-29,대전,한화,LG,17000.0,11504.307320986813,5495.692679013187,32.32760399419522
2025-04-29,고척,키움,롯데,13203.0,10653.516169300452,2549.483830699548,19.309882834958326
2025-04-29,광주,KIA,NC,10575.0,19350.536840657296,-8775.536840657296,82.98379991165292
2025-04-29,문학,SSG,삼성,15481.0,20486.614812759708,-5005.614812759708,32.33392424752735
2025-04-30,잠실,두산,KT,17158.0,18856.97731563396,-1698.9773156339616,9.90195428158271
2025-04-30,광주,KIA,NC,15139.0,20506.028732332903,-5367.028732332903,35.4516727150598
2025-04-30,문학,SSG,삼성,18998.0,20282.138471096107,-1284.1384710961065,6.759335041036459
2025-04-30,대전,한화,LG,17000.0,11957.239886582282,5042.7601134177185,29.663294784810105
2025-04-30,고척,키움,롯데,14367.0,10594.479865257284,3772.5201347427155,26.258231605364486
2025-05-01,잠실,두산,KT,19883.0,15289.129722049627,4593.870277950373,23.10451278957085
2025-05-01,고척,키움,롯데,16000.0,11196.896407145665,4803.103592854335,30.019397455339597
2025-05-01,문학,SSG,삼성,22993.0,15228.166417014309,7764.8335829856915,33.770423968101994
2025-05-02,광주,KIA,한화,20500.0,24923.471613818365,-4423.471613818365,21.577910311309097
2025-05-02,사직,롯데,NC,22669.0,24967.893349555667,-2298.8933495556666,10.141132602036555
2025-05-02,대구,삼성,두산,24000.0,26737.528997301597,-2737.528997301597,11.406370822089986
2025-05-02,잠실,LG,SSG,23750.0,26063.8898218085,-2313.8898218085014,9.742693986562111
2025-05-02,수원,KT,키움,12275.0,15547.616873494575,-3272.616873494575,26.660829926636048
2025-05-03,사직,롯데,NC,22669.0,26462.79312684906,-3793.793126849061,16.735599836115668
2025-05-03,대구,삼성,두산,24000.0,27457.946597483067,-3457.9465974830673,14.408110822846112
2025-05-03,잠실,LG,SSG,23750.0,26712.010264549826,-2962.0102645498264,12.471622166525584
2025-05-03,수원,KT,키움,15210.0,20298.56046034686,-5088.56046034686,33.455361343503355
2025-05-04,사직,롯데,NC,22669.0,26068.789064920646,-3399.7890649206456,14.997525541138321
2025-05-04,광주,KIA,한화,20500.0,25230.440687292317,-4730.440687292317,23.07532042581618
2025-05-04,대구,삼성,두산,24000.0,27311.42511879466,-3311.425118794661,13.797604661644423
2025-05-04,수원,KT,키움,15160.0,19215.878973022696,-4055.8789730226963,26.75381908326317
2025-05-04,잠실,LG,SSG,23750.0,27063.378202048927,-3313.378202048927,13.95106611389022
2025-05-05,고척,키움,KIA,16000.0,11407.51334571755,4592.486654282449,28.70304158926531
2025-05-05,잠실,두산,LG,23750.0,18211.24697341692,5538.753026583079,23.32106537508665
2025-05-05,수원,KT,NC,12015.0,9077.17816612413,2937.8218338758707,24.45128450999476
2025-05-05,사직,롯데,SSG,22669.0,17938.4308608103,4730.569139189702,20.868009789535055
2025-05-05,대전,한화,삼성,17000.0,12032.44276217602,4967.557237823979,29.220924928376352
2025-05-06,잠실,두산,LG,23750.0,20472.54989297689,3277.450107023109,13.799789924307829
2025-05-06,사직,롯데,SSG,22669.0,15965.827800318604,6703.172199681396,29.56977458062286
2025-05-06,고척,키움,KIA,16000.0,11966.488163989216,4033.5118360107845,25.209448975067406
2025-05-06,대전,한화,삼성,17000.0,12281.57261959728,4718.42738040272,27.755455178839526
2025-05-06,수원,KT,NC,9743.0,9407.19037633236,335.80962366763924,3.4466758048613286
2025-05-07,고척,키움,KIA,16000.0,11169.896616577586,4830.1033834224145,30.18814614639009
2025-05-07,잠실,두산,LG,23750.0,20581.298085869723,3168.701914130277,13.34190279633801
2025-05-07,수원,KT,NC,3598.0,8878.331389247747,-5280.331389247747,146.75740381455662
2025-05-07,사직,롯데,SSG,22669.0,19545.877241126385,3123.1227588736147,13.777064532505248
2025-05-07,대전,한화,삼성,17000.0,12216.802210007243,4783.197789992757,28.136457588192687
2025-05-09,고척,키움,한화,16000.0,19003.2827295107,-3003.2827295107018,18.770517059441886
2025-05-10,대구,삼성,LG,24000.0,27748.076233752083,-3748.0762337520828,15.616984307300344
2025-05-10,문학,SSG,KIA,23000.0,26220.067040958653,-3220.067040958653,14.000291482428926
2025-05-10,고척,키움,한화,16000.0,20761.493502227913,-4761.493502227913,29.759334388924458
2025-05-10,잠실,두산,NC,20206.0,23510.516800876278,-3304.5168008762776,16.354136399466878
2025-05-10,수원,KT,롯데,18700.0,20797.465834243143,-2097.465834243143,11.216394835524829
2025-05-10,대구,삼성,LG,24000.0,27748.076233752083,-3748.0762337520828,15.616984307300344
2025-05-11,문학,SSG,KIA,23000.0,26985.086636806256,-3985.086636806256,17.326463638288068
2025-05-11,대구,삼성,LG,24000.0,27846.027621616093,-3846.027621616093,16.025115090067054
2025-05-11,문학,SSG,KIA,23000.0,26985.086636806256,-3985.086636806256,17.326463638288068
2025-05-11,고척,키움,한화,16000.0,18768.726478824465,-2768.7264788244647,17.304540492652905
2025-05-11,수원,KT,롯데,14470.0,19005.986059606203,-4535.986059606203,31.34751941676712
2025-05-11,잠실,두산,NC,19366.0,25609.41752805832,-6243.417528058319,32.2390660335553
2025-05-11,잠실,두산,NC,9172.0,25609.41752805832,-16437.41752805832,179.2130127350449
2025-05-11,수원,KT,롯데,18700.0,18940.44511752241,-240.44511752240942,1.2858027674995156
2025-05-13,포항,삼성,KT,10758.0,13900.55513507419,-3142.55513507419,29.21133235800511
2025-05-13,광주,KIA,롯데,16824.0,21331.98760662752,-4507.987606627521,26.794981018946274
2025-05-13,문학,SSG,NC,12746.0,20028.179610980187,-7282.179610980187,57.133058300487896
2025-05-13,대전,한화,두산,17000.0,12779.159130018214,4220.840869981786,24.82847570577521
2025-05-13,잠실,LG,키움,18080.0,23697.57585651396,-5617.575856513959,31.070662923196675
2025-05-14,포항,삼성,KT,12120.0,13784.551691454863,-1664.5516914548625,13.733924846987314
2025-05-14,잠실,LG,키움,18286.0,23054.2445750454,-4768.244575045399,26.075930083371972
2025-05-14,광주,KIA,롯데,18641.0,22086.963304821744,-3445.963304821744,18.48593586621825
2025-05-14,대전,한화,두산,17000.0,12220.801003311382,4779.198996688618,28.11293527463893
2025-05-14,문학,SSG,NC,11409.0,20656.584654056867,-9247.584654056867,81.05517270625705
2025-05-15,포항,삼성,KT,12120.0,14207.479178730815,-2087.479178730815,17.223425567085933
2025-05-15,광주,KIA,롯데,17452.0,18603.476298784997,-1151.4762987849972,6.597961831222767
2025-05-15,문학,SSG,NC,10081.0,19235.533608463913,-9154.533608463913,90.80977689181543
2025-05-15,대전,한화,두산,17000.0,12427.74479947343,4572.25520052657,26.895618826626883
2025-05-15,잠실,LG,키움,18119.0,20437.720404107065,-2318.7204041070654,12.797176467283325
2025-05-17,잠실,LG,KT,22963.0,26997.807048391544,-4034.8070483915435,17.570905580244496
2025-05-17,잠실,LG,KT,17811.0,26997.807048391544,-9186.807048391544,51.579400642252224
2025-05-17,광주,KIA,두산,16854.0,26219.281273155728,-9365.281273155728,55.56711328560417
2025-05-17,광주,KIA,두산,20500.0,26189.973150313454,-5689.9731503134535,27.7559665868949
2025-05-17,대전,한화,SSG,17000.0,19330.95387208016,-2330.953872080161,13.711493365177418
2025-05-17,대전,한화,SSG,17000.0,19293.919725900298,-2293.9197259002976,13.493645446472339
2025-05-17,사직,롯데,삼성,22669.0,27070.15195952812,-4401.151959528121,19.414848292946846
2025-05-17,사직,롯데,삼성,22669.0,27070.15195952812,-4401.151959528121,19.414848292946846
2025-05-17,울산,NC,키움,2297.0,22162.638795589573,-19865.638795589573,864.8514930600597
2025-05-17,울산,NC,키움,5513.0,22313.457860527527,-16800.457860527527,304.7425695724202
2025-05-18,잠실,LG,KT,23029.0,24139.934519850212,-1110.9345198502124,4.824067566330333
2025-05-18,광주,KIA,두산,20500.0,26073.99243720708,-5573.992437207078,27.190207010766237
2025-05-18,대전,한화,SSG,17000.0,17209.732673632334,-209.7326736323339,1.233721609601964
2025-05-18,사직,롯데,삼성,22669.0,27889.97218186656,-5220.97218186656,23.03132993015378
2025-05-18,울산,NC,키움,6456.0,22257.54560898609,-15801.545608986089,244.75752182444376
2025-05-20,사직,롯데,LG,22669.0,20945.514957267857,1723.4850427321435,7.6028278385996
2025-05-20,수원,KT,KIA,16064.0,12976.049343073528,3087.950656926472,19.222800404173757
2025-05-20,고척,키움,삼성,13106.0,12278.530277801947,827.4697221980532,6.313671007157433
2025-05-20,잠실,두산,SSG,17782.0,19183.145178798328,-1401.1451787983278,7.879570232810301
2025-05-20,울산,NC,한화,4497.0,16434.769252435413,-11937.769252435413,265.46073498855714
2025-05-21,울산,NC,한화,4183.0,16414.27618555098,-12231.276185550982,292.4044031927081
2025-05-21,수원,KT,KIA,16302.0,13437.521893657555,2864.4781063424452,17.571329323656272
2025-05-21,사직,롯데,LG,22669.0,20119.56419067136,2549.435809328639,11.24635321067819
2025-05-21,잠실,두산,SSG,14052.0,20957.18118543902,-6905.181185439022,49.14020200283961
2025-05-21,고척,키움,삼성,13193.0,13489.405276080275,-296.40527608027514,2.246685940121846
2025-05-22,울산,NC,한화,5005.0,15753.934749537399,-10748.934749537399,214.76393105968828
2025-05-22,고척,키움,삼성,12926.0,12334.82289143392,591.1771085660803,4.57355027515148
2025-05-22,수원,KT,KIA,16705.0,13019.895449906562,3685.104550093438,22.059889554585084
2025-05-22,잠실,두산,SSG,14592.0,20885.95229633213,-6293.952296332129,43.132896767626974
2025-05-22,사직,롯데,LG,22669.0,19179.62608058866,3489.3739194113405,15.392712159386566
2025-05-23,대구,삼성,KIA,24000.0,26160.283825147053,-2160.283825147053,9.001182604779387
2025-05-23,고척,키움,KT,4239.0,15537.020858539696,-11298.020858539696,266.5256159127081
2025-05-23,문학,SSG,LG,20150.0,24123.565179322468,-3973.565179322468,19.71992644825046
2025-05-23,대전,한화,롯데,17000.0,17781.735414576684,-781.735414576684,4.598443615156965
2025-05-23,잠실,두산,NC,17944.0,24718.906074029448,-6774.906074029448,37.75582965910303
2025-05-24,대구,삼성,KIA,24000.0,27069.08609243832,-3069.0860924383196,12.787858718492998
2025-05-24,고척,키움,KT,7315.0,18789.02079779495,-11474.02079779495,156.85606012023172
2025-05-24,문학,SSG,LG,23000.0,24755.607772012274,-1755.607772012274,7.633077269618582
2025-05-24,대전,한화,롯데,17000.0,20130.51757284623,-3130.517572846231,18.41480925203665
2025-05-24,잠실,두산,NC,22279.0,24354.113878921176,-2075.1138789211764,9.314214636748401
2025-05-25,대구,삼성,KIA,24000.0,29157.840025311114,-5157.840025311114,21.491000105462977
2025-05-25,잠실,두산,NC,20534.0,26469.047105621354,-5935.047105621354,28.90351176400776
2025-05-25,고척,키움,KT,6809.0,14947.010397222373,-8138.010397222373,119.51843732152112
2025-05-25,대전,한화,롯데,17000.0,18465.128237746827,-1465.128237746827,8.618401398510747
2025-05-25,문학,SSG,LG,23000.0,24633.757897778833,-1633.7578977788326,7.103295207734055
2025-05-27,문학,SSG,NC,12124.0,20162.960129159193,-8038.9601291591935,66.30617064631468
2025-05-27,대구,삼성,롯데,24000.0,19188.417948351344,4811.5820516486565,20.04825854853607
2025-05-27,광주,KIA,키움,15351.0,21042.911905339508,-5691.911905339508,37.078443784375665
2025-05-27,수원,KT,두산,8355.0,10342.08423722823,-1987.0842372282295,23.783174592797483
2025-05-27,잠실,LG,한화,23750.0,23376.435963800617,373.5640361993828,1.572901205050033
2025-05-28,잠실,LG,한화,23750.0,24167.262952440156,-417.26295244015637,1.75689664185329
2025-05-28,광주,KIA,키움,16517.0,20986.28046254658,-4469.28046254658,27.058669628543804
2025-05-28,문학,SSG,NC,12747.0,20066.402594210933,-7319.402594210933,57.42058989731649
2025-05-28,수원,KT,두산,8822.0,11313.61798418652,-2491.6179841865196,28.243232647772835
2025-05-29,잠실,LG,한화,23750.0,23594.29882555938,155.70117444061907,0.655583892381554
2025-05-29,대구,삼성,롯데,24000.0,21260.593647227266,2739.406352772734,11.414193136553058
2025-05-29,문학,SSG,NC,13466.0,20324.103334473857,-6858.103334473857,50.9290311486251
2025-05-29,수원,KT,두산,9238.0,11476.370342221235,-2238.3703422212348,24.2300318491149
2025-05-29,광주,KIA,키움,18127.0,21222.578647492657,-3095.578647492657,17.07717022945141
2025-05-30,수원,KT,KIA,18700.0,18770.423262917684,-70.42326291768404,0.37659498886462056
2025-05-30,창원,NC,한화,12395.0,16443.33603074143,-4048.3360307414296,32.66104099024953
2025-05-30,고척,키움,두산,9182.0,13685.2618182425,-4503.261818242499,49.04445456591701
2025-05-30,잠실,LG,삼성,23750.0,29508.562991161503,-5758.562991161503,24.246581015416858
2025-05-30,사직,롯데,SSG,22669.0,27273.518942194813,-4604.518942194813,20.311963219351593
2025-05-31,창원,NC,한화,16741.0,18765.643648668673,-2024.6436486686725,12.093922995452317
2025-05-31,수원,KT,KIA,18700.0,20747.813125127897,-2047.8131251278974,10.95087232688715
2025-05-31,고척,키움,두산,13456.0,16192.720384145794,-2736.720384145794,20.338290607504415
2025-05-31,사직,롯데,SSG,22669.0,28261.89691572204,-5592.896915722042,24.67200545115374
2025-05-31,잠실,LG,삼성,23750.0,29082.827993988787,-5332.827993988787,22.454012606268577
2025-06-01,창원,NC,한화,14906.0,17899.23904195886,-2993.239041958859,20.080766415932235
2025-06-01,수원,KT,KIA,18700.0,21042.313228055973,-2342.313228055973,12.525739187465096
2025-06-01,고척,키움,두산,12350.0,15918.269119074925,-3568.2691190749247,28.892867360930563
2025-06-01,사직,롯데,SSG,22669.0,27995.479367280142,-5326.4793672801425,23.496754895584907
2025-06-01,잠실,LG,삼성,23750.0,29697.078290082136,-5947.078290082136,25.0403296424511
2025-06-03,잠실,두산,KIA,23750.0,22251.584689564108,1498.415310435892,6.309117096572177
2025-06-03,사직,롯데,키움,22669.0,20286.110578908138,2382.8894210918625,10.5116653627944
2025-06-03,대전,한화,KT,17000.0,12584.338444257877,4415.661555742123,25.974479739659547
2025-06-03,문학,SSG,삼성,23000.0,20656.57566525389,2343.424334746109,10.188801455417865
2025-06-03,창원,NC,LG,13937.0,9525.590855687906,4411.409144312094,31.652501573596144
2025-06-04,잠실,두산,KIA,23750.0,21574.099528676317,2175.9004713236827,9.161686195047086
2025-06-04,대전,한화,KT,17000.0,12772.275584066008,4227.724415933992,24.868967152552894
2025-06-04,창원,NC,LG,5235.0,9361.75567135447,-4126.755671354471,78.83009878423059
2025-06-04,문학,SSG,삼성,15706.0,20415.7137506523,-4709.7137506522995,29.98671686395199
2025-06-04,사직,롯데,키움,22669.0,18787.125184622524,3881.874815377476,17.124155522420377
2025-06-05,대전,한화,KT,17000.0,12171.863405131533,4828.136594868467,28.400803499226278
2025-06-05,잠실,두산,KIA,23750.0,21327.68687318746,2422.31312681254,10.199213165526483
2025-06-05,창원,NC,LG,8957.0,9958.829625710288,-1001.8296257102884,11.184879152732927
2025-06-05,사직,롯데,키움,22669.0,19609.193269421587,3059.8067305784134,13.497757865712707
2025-06-05,문학,SSG,삼성,19273.0,21054.17091347315,-1781.17091347315,9.241793770939397
2025-06-06,광주,KIA,한화,20500.0,25123.27827604848,-4623.278276048481,22.552576956334054
2025-06-06,고척,키움,LG,16000.0,14395.402809727386,1604.5971902726142,10.02873243920384
2025-06-06,잠실,두산,롯데,23750.0,27753.18740282821,-4003.187402828211,16.8555259066451
2025-06-06,대구,삼성,NC,24000.0,28240.743058342206,-4240.7430583422065,17.669762743092527
2025-06-06,수원,KT,SSG,18700.0,16309.727938758268,2390.2720612417324,12.782203536052045
2025-06-07,고척,키움,LG,16000.0,16378.889348732491,-378.88934873249127,2.3680584295780704
2025-06-07,대구,삼성,NC,24000.0,29435.331097124865,-5435.331097124865,22.647212904686935
2025-06-07,광주,KIA,한화,20500.0,27338.348636206698,-6838.348636206698,33.357798225398525
2025-06-07,수원,KT,SSG,16755.0,18368.86609530719,-1613.8660953071885,9.632146196999036
2025-06-07,잠실,두산,롯데,23750.0,28973.878498279235,-5223.878498279235,21.995277887491515
2025-06-08,광주,KIA,한화,18586.0,26433.69510876047,-7847.695108760468,42.22369045927294
2025-06-08,고척,키움,LG,16000.0,17112.29662897748,-1112.2966289774813,6.951853931109259
2025-06-08,잠실,두산,롯데,23750.0,27473.184383070795,-3723.184383070795,15.676565823455979
2025-06-08,대구,삼성,NC,24000.0,28964.284192676267,-4964.284192676267,20.684517469484444
2025-06-08,수원,KT,SSG,13026.0,17698.95531691649,-4672.95531691649,35.87406200611461
2025-06-10,수원,KT,롯데,10809.0,14061.28030524572,-3252.2803052457202,30.088632669495052
2025-06-10,고척,키움,NC,4004.0,10991.801066845912,-6987.801066845912,174.52050616498283
2025-06-10,대전,한화,두산,16691.0,14074.548401597987,2616.4515984020127,15.675822888994146
2025-06-10,잠실,LG,SSG,17221.0,21712.715093214643,-4491.715093214643,26.08277738351224
2025-06-10,광주,KIA,삼성,15887.0,22842.86242435079,-6955.862424350791,43.783360133132696
2025-06-11,수원,KT,롯데,11777.0,13259.505089400274,-1482.5050894002743,12.58813865500785
2025-06-11,고척,키움,NC,4034.0,9680.756171726058,-5646.756171726058,139.97908209534106
2025-06-11,대전,한화,두산,17000.0,13221.65633381665,3778.3436661833493,22.225550977549112
2025-06-11,잠실,LG,SSG,18192.0,19939.38556497355,-1747.3855649735488,9.605241672018188
2025-06-11,광주,KIA,삼성,17320.0,21279.67000346584,-3959.670003465839,22.861836047724243
2025-06-12,수원,KT,롯데,12378.0,14389.668289119818,-2011.668289119818,16.25196549620147
2025-06-12,고척,키움,NC,4410.0,10452.075859005316,-6042.075859005316,137.0085228799391
2025-06-12,대전,한화,두산,17000.0,13621.743320791782,3378.256679208218,19.872098112989516
2025-06-12,잠실,LG,SSG,18321.0,20314.075895916274,-1993.075895916274,10.878641427412663
2025-06-12,광주,KIA,삼성,16761.0,21803.87393191599,-5042.87393191599,30.08695144630983
2025-06-13,창원,NC,KIA,8362.0,15837.056150886627,-7475.056150886627,89.3931613356449
2025-06-14,창원,NC,KIA,15000.0,17633.67353217403,-2633.6735321740307,17.55782354782687
2025-06-14,대구,삼성,KT,24000.0,26698.426037971043,-2698.426037971043,11.243441824879346
2025-06-14,대전,한화,LG,17000.0,19963.686453588896,-2963.6864535888963,17.43344972699351
2025-06-14,문학,SSG,롯데,23000.0,27372.796626938954,-4372.796626938954,19.01215924756067
2025-06-14,잠실,두산,키움,18390.0,28776.483517878263,-10386.483517878263,56.47897508362296
2025-06-15,창원,NC,KIA,12470.0,17664.758616911324,-5194.758616911324,41.65804825109321
2025-06-15,잠실,두산,키움,11744.0,27784.802299498875,-16040.802299498875,136.58721304069206
2025-06-15,대구,삼성,KT,24000.0,28767.462271064276,-4767.462271064276,19.864426129434484
2025-06-15,문학,SSG,롯데,20960.0,25723.47688182243,-4763.476881822429,22.726511840755865
2025-06-15,대전,한화,LG,17000.0,19270.163901235872,-2270.163901235872,13.353905301387481
2025-06-17,사직,롯데,한화,22669.0,21555.56413609733,1113.4358639026686,4.911711429276407
2025-06-17,광주,KIA,KT,10596.0,19631.072800587674,-9035.072800587674,85.268712727328
2025-06-17,잠실,LG,NC,15069.0,21356.224427419613,-6287.224427419613,41.722904157008514
2025-06-17,대구,삼성,두산,23044.0,20983.790796826688,2060.209203173312,8.940328081814407
2025-06-17,고척,키움,SSG,6205.0,10467.66169542698,-4262.661695426979,68.69720701735665
2025-06-18,사직,롯데,한화,22669.0,20551.43673386276,2117.56326613724,9.341229282885175
2025-06-18,광주,KIA,KT,16311.0,21016.65675755631,-4705.6567575563095,28.849590813293542
2025-06-18,잠실,LG,NC,16103.0,20636.43104845383,-4533.431048453829,28.15271097592889
2025-06-18,대구,삼성,두산,23385.0,19531.55680683231,3853.443193167692,16.47826894662259
2025-06-18,고척,키움,SSG,6941.0,8796.299871303641,-1855.2998713036413,26.729576016476607
2025-06-19,사직,롯데,한화,22669.0,21532.263193594546,1136.7368064054535,5.014499123937772
2025-06-19,고척,키움,SSG,7032.0,10972.630298555543,-3940.630298555543,56.038542357160736
2025-06-19,광주,KIA,KT,14079.0,20770.53449640615,-6691.534496406151,47.52847855960048
2025-06-19,대구,삼성,두산,23355.0,21054.470352469027,2300.5296475309733,9.85026609946895
2025-06-19,잠실,LG,NC,15636.0,22656.394300666383,-7020.394300666383,44.89891468832427
2025-06-20,사직,롯데,삼성,21911.0,23224.696913908392,-1313.6969139083922,5.995604554371741
2025-06-21,문학,SSG,KIA,23000.0,26421.955345706036,-3421.9553457060356,14.878066720461025
2025-06-21,수원,KT,NC,13680.0,18910.31548402819,-5230.3154840281895,38.23330032184349
2025-06-21,잠실,LG,두산,23750.0,26112.70225036463,-2362.7022503646294,9.948220001535283
2025-06-22,수원,KT,NC,12059.0,18287.649331405177,-6228.649331405177,51.651458092753764
2025-06-22,사직,롯데,삼성,22669.0,25481.01818761722,-2812.018187617221,12.404685639495439
2025-06-22,문학,SSG,KIA,23000.0,28128.147469723273,-5128.147469723273,22.296293346622928
2025-06-22,대전,한화,키움,17000.0,18561.8567069913,-1561.8567069913006,9.187392394066475
2025-06-22,잠실,LG,두산,23750.0,29689.213084782048,-5939.213084782048,25.00721298855599
2025-06-24,고척,키움,KIA,16000.0,13160.572412908026,2839.4275870919737,17.746422419324837
2025-06-24,수원,KT,LG,9335.0,12000.660682291034,-2665.6606822910344,28.55555096187503
2025-06-24,잠실,두산,SSG,12141.0,19671.874485136326,-7530.874485136326,62.028453052766054
2025-06-25,대구,삼성,한화,24000.0,20222.629045709393,3777.370954290607,15.73904564287753
2025-06-25,고척,키움,KIA,16000.0,11896.809942913405,4103.190057086595,25.644937856791216
2025-06-25,창원,NC,롯데,15587.0,11853.576213278,3733.423786722,23.952163897619812
2025-06-26,대구,삼성,한화,24000.0,20783.014497133554,3216.985502866446,13.404106261943523
2025-06-26,잠실,두산,SSG,13553.0,18042.179647921897,-4489.179647921897,33.1231435691131
2025-06-26,고척,키움,KIA,16000.0,13038.06773541215,2961.932264587849,18.512076653674058
2025-06-26,창원,NC,롯데,16335.0,10870.192381416726,5464.807618583274,33.454592094173705
2025-06-26,수원,KT,LG,13365.0,12311.710160955232,1053.289839044768,7.8809565210981525
2025-06-27,문학,SSG,한화,23000.0,26822.82058369929,-3822.8205836992893,16.620959059562125
2025-06-27,잠실,LG,KIA,23750.0,28259.62164264709,-4509.621642647089,18.987880600619324
2025-06-27,사직,롯데,KT,22669.0,25831.959861836604,-3162.9598618366035,13.952798367094285
2025-06-27,창원,NC,두산,8025.0,15588.774240871633,-7563.774240871633,94.25263851553437
2025-06-27,고척,키움,삼성,16000.0,16471.664327350263,-471.6643273502632,2.947902045939145
2025-06-28,문학,SSG,한화,23183.0,25026.327615383118,-1843.3276153831175,7.951203965764213
2025-06-28,잠실,LG,KIA,23750.0,27259.545030364192,-3509.545030364192,14.777031706796597
2025-06-28,사직,롯데,KT,22669.0,26372.3760644446,-3703.376064444601,16.33674209027571
2025-06-28,창원,NC,두산,12961.0,18197.581541910506,-5236.581541910506,40.40260428910196
2025-06-28,고척,키움,삼성,16000.0,19399.604217601434,-3399.6042176014344,21.247526360008965
2025-06-29,문학,SSG,한화,23000.0,25054.76992595704,-2054.76992595704,8.933782286769738
2025-06-29,고척,키움,삼성,16000.0,18271.72564057228,-2271.72564057228,14.198285253576751
2025-06-29,잠실,LG,KIA,23750.0,28156.027847269783,-4406.027847269783,18.551696199030665
2025-06-29,창원,NC,두산,9894.0,16529.664659371538,-6635.664659371538,67.06756275896035
2025-06-29,사직,롯데,KT,22669.0,26834.208750787875,-4165.208750787875,18.374029515143476
2025-07-01,광주,KIA,SSG,11782.0,20353.90072917805,-8571.90072917805,72.75420751296937
2025-07-01,대전,한화,NC,17000.0,14142.530825108026,2857.469174891974,16.808642205246908
2025-07-01,수원,KT,키움,5616.0,13826.271781032387,-8210.271781032387,146.194298095306
2025-07-01,잠실,두산,삼성,18022.0,25827.411468420687,-7805.411468420687,43.3104620376245
2025-07-01,사직,롯데,LG,19627.0,22483.679132198286,-2856.6791321982855,14.554843492119454
2025-07-02,사직,롯데,LG,20661.0,22442.522018207925,-1781.5220182079247,8.622632100130316
2025-07-02,대전,한화,NC,17000.0,15032.142375215873,1967.8576247841265,11.57563308696545
2025-07-02,수원,KT,키움,6787.0,14645.681677807,-7858.681677807001,115.79021184333284
2025-07-02,광주,KIA,SSG,11827.0,22367.83698892604,-10540.83698892604,89.12519649045439
2025-07-02,잠실,두산,삼성,20448.0,25483.358233327435,-5035.358233327435,24.62518697832275
2025-07-03,사직,롯데,LG,21914.0,22026.462456615078,-112.46245661507783,0.5131991266545488
2025-07-03,대전,한화,NC,17000.0,15019.721379922867,1980.2786200771334,11.648697765159609
2025-07-03,광주,KIA,SSG,13013.0,22154.34336769389,-9141.343367693891,70.24777812721041
2025-07-03,잠실,두산,삼성,21525.0,25944.221634798057,-4419.2216347980575,20.530646386982845
2025-07-03,수원,KT,키움,8540.0,14738.881644731977,-6198.881644731977,72.58643612098334
2025-07-04,잠실,두산,KT,16101.0,26081.560699703747,-9980.560699703747,61.98721010933325
2025-07-04,고척,키움,한화,16000.0,18151.410226405766,-2151.4102264057656,13.446313915036034
2025-07-04,대구,삼성,LG,24000.0,28531.649658187198,-4531.649658187198,18.88187357577999
2025-07-04,창원,NC,SSG,11147.0,15397.040818599082,-4250.040818599082,38.12721645823165
2025-07-04,광주,KIA,롯데,20500.0,25640.4688237372,-5140.468823737199,25.075457676766828
2025-07-05,고척,키움,한화,16000.0,19334.84787990057,-3334.8478799005716,20.842799249378572
2025-07-05,잠실,두산,KT,19774.0,27138.60367365106,-7364.603673651061,37.24387414610631
2025-07-05,대구,삼성,LG,24000.0,28962.54795313279,-4962.547953132791,20.677283138053294
2025-07-05,광주,KIA,롯데,20500.0,26421.144137899497,-5921.144137899497,28.883629940973155
2025-07-05,창원,NC,SSG,12028.0,17919.63970111168,-5891.639701111679,48.9827045320226
2025-07-06,고척,키움,한화,16000.0,19606.903388469895,-3606.9033884698947,22.543146177936844
2025-07-06,잠실,두산,KT,23750.0,25355.970612489065,-1605.9706124890654,6.761981526269749
2025-07-06,대구,삼성,LG,24000.0,29149.168952684508,-5149.1689526845075,21.454870636185447
2025-07-06,광주,KIA,롯데,20500.0,25211.0639128152,-4711.0639128152,22.980799574708293
2025-07-06,창원,NC,SSG,7726.0,16287.764289337925,-8561.764289337925,110.8175548710578
2025-07-08,대전,한화,KIA,17000.0,17646.056471888827,-646.0564718888272,3.8003321875813367
2025-07-08,잠실,LG,키움,16098.0,23292.746766322667,-7194.746766322667,44.693420091456495
2025-07-08,문학,SSG,KT,10812.0,22204.468811651674,-11392.468811651674,105.36874594572394
2025-07-08,창원,NC,삼성,8294.0,11414.061041489023,-3120.0610414890234,37.618290830588656
2025-07-08,사직,롯데,두산,18541.0,21051.559695155087,-2510.559695155087,13.540584084758573
2025-07-09,대전,한화,KIA,17000.0,16916.723344026428,83.2766559735719,0.48986268219748175
2025-07-09,문학,SSG,KT,10259.0,22214.632537113437,-11955.632537113437,116.53799139402904
2025-07-09,사직,롯데,두산,19071.0,22640.463071710717,-3569.4630717107175,18.716706369412815
2025-07-09,창원,NC,삼성,9220.0,12532.366310685273,-3312.3663106852728,35.925881894634195
2025-07-09,잠실,LG,키움,16400.0,24020.060011976035,-7620.060011976035,46.463780560829484
2025-07-10,문학,SSG,KT,10817.0,20090.591933059586,-9273.591933059586,85.73164401460282
2025-07-10,대전,한화,KIA,17000.0,16434.774542488598,565.225457511402,3.3248556324200123
2025-07-10,사직,롯데,두산,21199.0,22150.750427621017,-951.7504276210166,4.48960058314551
2025-07-10,잠실,LG,키움,16628.0,23090.159269009597,-6462.159269009597,38.86311804792877
2025-07-10,창원,NC,삼성,10106.0,12375.97563318724,-2269.9756331872395,22.461662707176323
2025-07-18,수원,KT,한화,18700.0,16446.05794841956,2253.9420515804413,12.053166051232306
2025-07-18,잠실,LG,롯데,23750.0,26264.046567012265,-2514.046567012265,10.585459229525327
2025-07-19,수원,KT,한화,18700.0,19021.353890744656,-321.3538907446564,1.7184700039821195
2025-07-19,잠실,LG,롯데,23750.0,25876.711269794097,-2126.7112697940975,8.954573767554095
2025-07-19,문학,SSG,두산,19877.0,24370.7976631233,-4493.7976631233,22.60802768588469
2025-07-20,잠실,LG,롯데,23750.0,28877.646378098347,-5127.646378098347,21.59009001304567
2025-07-20,문학,SSG,두산,18102.0,23467.852489928053,-5365.852489928053,29.64231847269944
2025-07-20,수원,KT,한화,18700.0,18536.201110666814,163.7988893331858,0.875929889482277
2025-07-20,대구,삼성,키움,24000.0,29085.02825789461,-5085.02825789461,21.18761774122754
2025-07-20,광주,KIA,NC,16985.0,25405.780287957907,-8420.780287957907,49.57774676454464
2025-07-22,잠실,두산,한화,23750.0,25448.618054751936,-1698.6180547519361,7.152076020008153
2025-07-22,창원,NC,KT,6302.0,10791.939843181575,-4489.939843181575,71.24626853668002
2025-07-22,광주,KIA,LG,12468.0,20834.57345073693,-8366.57345073693,67.10437480539726
2025-07-22,고척,키움,롯데,15362.0,14469.448936602383,892.5510633976173,5.8101227925896195
2025-07-22,대구,삼성,SSG,22896.0,21205.136844444318,1690.8631555556822,7.38497185340532
2025-07-23,창원,NC,KT,6375.0,10863.043135310016,-4488.043135310016,70.40067663231397
2025-07-23,고척,키움,롯데,15325.0,14881.852465980735,443.14753401926464,2.89166416978313
2025-07-23,잠실,두산,한화,23750.0,25113.261678083705,-1363.2616780837052,5.740049170878759
2025-07-23,대구,삼성,SSG,23304.0,21615.78173214841,1688.2182678515892,7.244328303516946
2025-07-23,광주,KIA,LG,12172.0,22125.23192046703,-9953.231920467031,81.771540588786
2025-07-24,잠실,두산,한화,23750.0,25098.91195850206,-1348.9119585020599,5.6796292989560415
2025-07-24,창원,NC,KT,5157.0,9789.843168135145,-4632.843168135145,89.83601256806564
2025-07-24,광주,KIA,LG,12364.0,21182.37706492605,-8818.377064926051,71.32301087775842
2025-07-24,고척,키움,롯데,15216.0,15442.279984953397,-226.2799849533967,1.487118723405604
2025-07-24,대구,삼성,SSG,24000.0,21287.993647460855,2712.006352539145,11.300026468913105
2025-07-25,대전,한화,SSG,17000.0,18012.797143183903,-1012.7971431839032,5.95763025402296
2025-07-25,잠실,두산,LG,20007.0,24184.87758630673,-4177.877586306731,20.882079203812324
2025-07-25,창원,NC,키움,6171.0,15687.81492668896,-9516.81492668896,154.21835888330838
2025-07-25,수원,KT,삼성,18700.0,16611.085943465037,2088.9140565349626,11.17066340393028
2025-07-25,사직,롯데,KIA,22669.0,26886.66477595357,-4217.66477595357,18.605429335010676
2025-07-26,사직,롯데,KIA,22669.0,26942.337421001987,-4273.3374210019865,18.851018664263915
2025-07-26,잠실,두산,LG,23750.0,23808.14513937686,-58.145139376858424,0.24482163948150917
2025-07-26,대전,한화,SSG,17000.0,19004.24174064608,-2004.2417406460809,11.789657297918122
2025-07-26,수원,KT,삼성,18700.0,18798.950505437577,-98.9505054375768,0.5291470879014801
2025-07-26,창원,NC,키움,10690.0,18265.430674923045,-7575.430674923045,70.86464616391997
2025-07-27,사직,롯데,KIA,22669.0,27064.32961252317,-4395.329612523172,19.38916411188483
2025-07-27,잠실,두산,LG,20780.0,23668.3345214733,-2888.3345214733017,13.89958865001589
2025-07-27,대전,한화,SSG,17000.0,18427.441266155958,-1427.4412661559581,8.396713330329165
2025-07-27,수원,KT,삼성,18700.0,18160.062834531254,539.9371654687457,2.8873645212232386
2025-07-27,창원,NC,키움,8115.0,17812.52548344011,-9697.52548344011,119.50123824325458
2025-07-29,광주,KIA,두산,14329.0,21818.892848599804,-7489.892848599804,52.27086920650292
2025-07-29,잠실,LG,KT,17294.0,20769.96129360212,-3475.9612936021185,20.099232644860173
2025-07-29,대전,한화,삼성,17000.0,16355.583913480466,644.4160865195336,3.7906828618796093
2025-07-29,문학,SSG,키움,10177.0,22212.830976140885,-12035.830976140885,118.26501892641137
2025-07-29,사직,롯데,NC,22669.0,21165.77759215212,1503.2224078478794,6.631180942467155
2025-07-30,잠실,LG,KT,17782.0,22131.173641630074,-4349.173641630074,24.458292889607883
2025-07-30,사직,롯데,NC,22669.0,21455.965356715322,1213.0346432846782,5.351072580549112
2025-07-30,광주,KIA,두산,15391.0,22423.36917726505,-7032.369177265049,45.691437705575005
2025-07-30,대전,한화,삼성,17000.0,15865.540802612719,1134.4591973872812,6.673289396395772
2025-07-30,문학,SSG,키움,10514.0,23481.804174949397,-12967.804174949397,123.33844564342206
2025-07-31,잠실,LG,KT,17630.0,22745.21911156781,-5115.219111567811,29.014288778036363
2025-07-31,사직,롯데,NC,22669.0,21578.917168875232,1090.0828311247678,4.808693948232246
2025-07-31,광주,KIA,두산,15584.0,22541.936948375795,-6957.936948375795,44.647952697483284
2025-07-31,대전,한화,삼성,17000.0,16804.498360930942,195.501639069058,1.1500096415826941
2025-07-31,문학,SSG,키움,10917.0,23754.358156197373,-12837.358156197373,117.59052996425183
2025-08-01,광주,KIA,한화,20500.0,25345.72602285046,-4845.72602285046,23.637687916343708
2025-08-01,대구,삼성,LG,24000.0,27855.79383719251,-3855.7938371925084,16.065807654968786
2025-08-01,잠실,두산,SSG,15073.0,22120.109093764164,-7047.109093764164,46.7531950757259
2025-08-01,고척,키움,롯데,16000.0,18070.24943750967,-2070.2494375096685,12.939058984435428
2025-08-01,창원,NC,KT,7590.0,14617.407133151466,-7027.407133151466,92.58770926418269
2025-08-02,창원,NC,KT,9940.0,16664.51308775961,-6724.513087759609,67.65103710019727
2025-08-02,대구,삼성,LG,24000.0,28541.878379992177,-4541.878379992177,18.9244932499674
2025-08-02,고척,키움,롯데,16000.0,19024.06434587617,-3024.0643458761697,18.90040216172606
2025-08-02,잠실,두산,SSG,17278.0,23006.12185388634,-5728.1218538863395,33.15269043805035
2025-08-03,창원,NC,KT,7561.0,16178.422415916622,-8617.422415916622,113.97199333311232
2025-08-03,대구,삼성,LG,24000.0,27077.161393878352,-3077.161393878352,12.821505807826467
2025-08-03,고척,키움,롯데,16000.0,19593.254784167828,-3593.254784167828,22.457842401048925
2025-08-03,잠실,두산,SSG,14422.0,24801.77352774349,-10379.773527743491,71.97180368703016
2025-08-05,사직,롯데,KIA,22669.0,24211.466308135874,-1542.466308135874,6.804297975807818
2025-08-05,창원,NC,키움,6661.0,10426.526335543549,-3765.526335543549,56.53094633754014
2025-08-05,대전,한화,KT,16783.0,15984.870311194656,798.1296888053439,4.755584155427182
2025-08-05,문학,SSG,삼성,13850.0,22237.212273758032,-8387.212273758032,60.557489341213234
2025-08-05,잠실,LG,두산,20239.0,21368.494999589526,-1129.4949995895258,5.580784621718098
2025-08-06,대전,한화,KT,13919.0,12840.542898521184,1078.4571014788162,7.748093264450148
2025-08-06,사직,롯데,KIA,20944.0,24264.042117072324,-3320.042117072324,15.851996357297192
2025-08-06,잠실,LG,두산,20427.0,17976.40989883891,2450.5901011610913,11.996818432276356
2025-08-06,창원,NC,키움,5776.0,10318.555246259735,-4542.555246259735,78.6453470612835
2025-08-06,문학,SSG,삼성,12003.0,19171.247477616493,-7168.247477616493,59.72046553042149
2025-08-07,사직,롯데,KIA,22104.0,24904.4561864095,-2800.4561864095012,12.669454335909796
2025-08-07,대전,한화,KT,17000.0,14313.694509168989,2686.3054908310114,15.801797004888302
2025-08-07,잠실,LG,두산,21392.0,22673.116726605058,-1281.116726605058,5.988765550696793
2025-08-07,문학,SSG,삼성,15174.0,22336.64942191339,-7162.649421913389,47.20343628518116
2025-08-07,창원,NC,키움,5893.0,11230.750952892557,-5337.750952892557,90.57782034435019
2025-08-08,잠실,LG,한화,23750.0,27774.561433693616,-4024.561433693616,16.945521826078384
2025-08-08,창원,NC,KIA,12141.0,17398.917918759144,-5257.9179187591435,43.3071239499147
2025-08-08,고척,키움,두산,12841.0,16904.369322599847,-4063.369322599847,31.643714061208993
2025-08-08,사직,롯데,SSG,20091.0,25262.583150173312,-5171.583150173312,25.740795133011357
2025-08-08,수원,KT,삼성,18700.0,17177.600787156083,1522.3992128439168,8.141172261197415
2025-08-09,잠실,LG,한화,23750.0,28266.12680457918,-4516.12680457918,19.015270756122867
2025-08-09,고척,키움,두산,16000.0,19076.905471749633,-3076.905471749633,19.230659198435205
2025-08-09,수원,KT,삼성,18700.0,19458.366948720497,-758.366948720497,4.055438228451855
2025-08-10,잠실,LG,한화,23750.0,29325.022795210672,-5575.0227952106725,23.473780190360728
2025-08-10,창원,NC,KIA,10773.0,16875.336809751265,-6102.336809751265,56.64473043489524
2025-08-10,고척,키움,두산,15111.0,16942.69508471101,-1831.6950847110093,12.121600719416382
2025-08-10,사직,롯데,SSG,22062.0,23913.267956037107,-1851.267956037107,8.39120640031324
2025-08-10,수원,KT,삼성,18700.0,18850.90823313164,-150.90823313163855,0.8069958990996714
2025-08-12,대구,삼성,KIA,22522.0,16539.27001493901,5982.729985060989,26.563937417018867
2025-08-12,수원,KT,LG,14407.0,12620.424424754412,1786.575575245588,12.40074668734357
2025-08-12,대전,한화,롯데,17000.0,15579.265413224217,1420.734586775783,8.357262275151665
2025-08-12,잠실,두산,NC,11590.0,20428.424580102594,-8838.424580102594,76.25905591115266
2025-08-12,문학,SSG,키움,10091.0,21113.6132835332,-11022.6132835332,109.23212053843226
2025-08-13,대구,삼성,KIA,24000.0,19257.985193726323,4742.014806273677,19.75839502614032
2025-08-13,대전,한화,롯데,17000.0,14956.20195400546,2043.7980459945393,12.022341447026703
2025-08-14,대구,삼성,KIA,24000.0,22770.15003538559,1229.8499646144082,5.124374852560034
2025-08-14,대전,한화,롯데,17000.0,16425.48581548897,574.5141845110302,3.3794952030060594
2025-08-14,잠실,두산,NC,10938.0,16833.995122544246,-5895.9951225442455,53.90377694774406
2025-08-14,문학,SSG,키움,9461.0,17247.196080605987,-7786.196080605987,82.29781292258733
2025-08-15,창원,NC,한화,17983.0,15560.856540468509,2422.1434595314913,13.469073344444704
2025-08-15,잠실,두산,KIA,23750.0,28611.824620335366,-4861.8246203353665,20.470840506675227
2025-08-15,고척,키움,KT,11585.0,16904.866318824243,-5319.866318824243,45.920296234995625
2025-08-15,문학,SSG,LG,23000.0,22538.25847856718,461.7415214328212,2.007571832316614
2025-08-15,사직,롯데,삼성,22669.0,24593.373673221016,-1924.3736732210164,8.489009983770861
2025-08-16,창원,NC,한화,17983.0,18597.3368150987,-614.3368150987008,3.4162087254557125
2025-08-16,잠실,두산,KIA,23750.0,28150.434881807174,-4400.434881807174,18.52814687076705
2025-08-16,고척,키움,KT,10163.0,18721.688170475296,-8558.688170475296,84.21419040121319
2025-08-16,문학,SSG,LG,23000.0,22830.043633512953,169.9563664870475,0.7389407238567282
2025-08-16,사직,롯데,삼성,22669.0,25556.641659708468,-2887.641659708468,12.73828426356905
2025-08-17,창원,NC,한화,12179.0,17185.102841240063,-5006.102841240063,41.10438329288171
2025-08-17,잠실,두산,KIA,23750.0,27208.312704996457,-3458.312704996457,14.561316652616659
2025-08-17,고척,키움,KT,8838.0,18740.668015803156,-9902.668015803156,112.04648128313144
2025-08-17,문학,SSG,LG,23000.0,23446.473552694588,-446.47355269458785,1.9411893595416865
2025-08-17,사직,롯데,삼성,22669.0,24510.99803203368,-1841.99803203368,8.125625444588115
2025-08-19,잠실,LG,롯데,23750.0,25837.90485438066,-2087.9048543806603,8.79117833423436
2025-08-19,광주,KIA,키움,11023.0,21629.02431191862,-10606.02431191862,96.21722137275351
2025-08-19,대전,한화,두산,16580.0,15689.44143502339,890.5585649766108,5.371282056553745
2025-08-19,창원,NC,삼성,8343.0,12000.271518382788,-3657.2715183827877,43.83640798732815
2025-08-19,수원,KT,SSG,8853.0,11417.62888067846,-2564.6288806784596,28.9690373961195
2025-08-20,잠실,LG,롯데,23750.0,25511.576570507543,-1761.5765705075428,7.41716450740018
2025-08-20,대전,한화,두산,16054.0,16727.317694144374,-673.3176941443744,4.194080566490435
2025-08-20,수원,KT,SSG,9062.0,13047.66520763347,-3985.6652076334703,43.982180618334475
2025-08-20,창원,NC,삼성,9430.0,11628.491251838352,-2198.4912518383517,23.313799065093868
2025-08-20,광주,KIA,키움,10503.0,22140.66723630019,-11637.667236300189,110.80326798343509
2025-08-21,대전,한화,두산,16369.0,17012.281786193413,-643.2817861934127,3.929878344391305
2025-08-21,잠실,LG,롯데,23750.0,25187.093397020748,-1437.093397020748,6.050919566403149
2025-08-21,수원,KT,SSG,9912.0,13953.453192459945,-4041.453192459945,40.77333729277588
2025-08-21,광주,KIA,키움,10061.0,22710.649737003794,-12649.649737003794,125.7295471325295
2025-08-21,창원,NC,삼성,9832.0,12498.848539510427,-2666.848539510427,27.124171475899384
2025-08-22,잠실,두산,KT,16397.0,24649.22302651685,-8252.223026516851,50.3276393640108
2025-08-22,광주,KIA,LG,14633.0,24900.367608276556,-10267.367608276556,70.16584164748552
2025-08-22,창원,NC,롯데,17983.0,15747.922594426467,2235.077405573533,12.428835041836917
2025-08-22,대전,한화,SSG,16446.0,18206.162533746676,-1760.1625337466758,10.70267866804497
2025-08-22,대구,삼성,키움,24000.0,28560.112857938042,-4560.112857938042,19.00047024140851
2025-08-23,창원,NC,롯데,17983.0,19209.98161710055,-1226.9816171005514,6.823008491912091
2025-08-23,잠실,두산,KT,21834.0,25240.291269509184,-3406.2912695091836,15.60085769675361
2025-08-23,대전,한화,SSG,17000.0,19707.471696468536,-2707.471696468536,15.92630409687374
2025-08-23,대구,삼성,키움,24000.0,29939.175110768225,-5939.175110768225,24.74656296153427
2025-08-23,광주,KIA,LG,20500.0,25801.398014093727,-5301.398014093727,25.860478117530377
2025-08-24,잠실,두산,KT,17905.0,23697.674161622203,-5792.6741616222025,32.35227121821951
2025-08-24,광주,KIA,LG,15128.0,24768.14346805043,-9640.143468050432,63.72384629858826
2025-08-24,창원,NC,롯데,17983.0,17826.823559298857,156.1764407011433,0.8684671117229789
2025-08-24,대전,한화,SSG,17000.0,18510.570775971566,-1510.570775971566,8.885710446891565
2025-08-24,대구,삼성,키움,24000.0,29555.902016243745,-5555.902016243745,23.149591734348938
2025-08-26,고척,키움,한화,16000.0,16153.647076946863,-153.6470769468633,0.9602942309178957
2025-08-26,문학,SSG,KIA,17488.0,23427.184959356317,-5939.1849593563165,33.96148764499266
2025-08-26,사직,롯데,KT,16116.0,21528.80045983877,-5412.800459838771,33.586500743601206
2025-08-26,창원,NC,LG,6496.0,11018.695058801623,-4522.6950588016225,69.62276876234024
2025-08-26,잠실,두산,삼성,20491.0,24093.90525501096,-3602.905255010959,17.582866892835682
2025-08-27,고척,키움,한화,16000.0,16373.82205667893,-373.8220566789296,2.33638785424331
2025-08-27,잠실,두산,삼성,21198.0,22859.01800153707,-1661.0180015370715,7.8357297930798735
2025-08-27,문학,SSG,KIA,17688.0,23633.087294596717,-5945.087294596717,33.61085082879193
2025-08-27,창원,NC,LG,8337.0,10451.332274086353,-2114.332274086353,25.360828524485463
2025-08-27,사직,롯데,KT,16826.0,21659.69912478419,-4833.699124784191,28.727559281969516
2025-08-28,사직,롯데,KT,17273.0,22031.82138816196,-4758.8213881619595,27.55063618457685
2025-08-28,문학,SSG,KIA,17833.0,24645.366215878013,-6812.3662158780135,38.20089842358556
2025-08-28,잠실,두산,삼성,23126.0,24384.44516554756,-1258.4451655475605,5.441689723893282
2025-08-28,창원,NC,LG,9528.0,10650.351798527312,-1122.351798527312,11.77951089974089
2025-08-28,고척,키움,한화,16000.0,16330.237471592596,-330.2374715925962,2.0639841974537263
2025-08-29,수원,KT,KIA,18700.0,19015.607165510453,-315.60716551045334,1.6877388529970765
2025-08-29,문학,SSG,NC,11509.0,22177.169457489643,-10668.169457489643,92.69414768867532
2025-08-29,잠실,LG,키움,22231.0,25622.41845287907,-3391.4184528790684,15.25535717187292
2025-08-29,사직,롯데,두산,19473.0,23920.93381195334,-4447.933811953339,22.841543737243047
2025-08-29,대전,한화,삼성,17000.0,18628.863422857197,-1628.8634228571973,9.581549546218808
2025-08-30,수원,KT,KIA,18700.0,21109.647714409668,-2409.647714409668,12.885816654597154
2025-08-30,문학,SSG,NC,20449.0,23380.327949869792,-2931.327949869792,14.334822973591823
2025-08-30,사직,롯데,두산,22669.0,24179.222588994784,-1510.222588994784,6.662060915765071
2025-08-30,대전,한화,삼성,17000.0,19918.5888297128,-2918.5888297128004,17.168169586545883
2025-08-30,잠실,LG,키움,23750.0,27786.954960700474,-4036.9549607004737,16.997705097686204
2025-08-31,문학,SSG,NC,13129.0,23724.56593593486,-10595.565935934861,80.70352605632463
2025-08-31,수원,KT,KIA,18700.0,20138.69789370579,-1438.6978937057902,7.693571624095134
2025-08-31,사직,롯데,두산,20350.0,24243.702398209512,-3893.7023982095125,19.133672718474262
2025-08-31,잠실,LG,키움,22503.0,28020.28192158812,-5517.281921588121,24.517983920313384
2025-08-31,대전,한화,삼성,17000.0,19941.25121170716,-2941.25121170716,17.30147771592447
2025-09-02,대전,한화,KIA,16730.0,15309.091608232542,1420.908391767458,8.493176280737943
2025-09-02,잠실,LG,롯데,23750.0,24994.88565804727,-1244.8856580472711,5.241623823356932
2025-09-02,수원,KT,NC,6710.0,12798.28894332903,-6088.288943329029,90.7345595131003
2025-09-02,문학,SSG,키움,11112.0,21469.004387141147,-10357.004387141147,93.20558303762732
2025-09-03,수원,KT,롯데,14910.0,14490.305562567784,419.69443743221564,2.8148520283850815
2025-09-03,대전,한화,NC,17000.0,13870.761303002522,3129.2386969974777,18.40728645292634
2025-09-03,광주,KIA,SSG,14468.0,20034.336031724823,-5566.3360317248225,38.47343123945827
2025-09-03,대구,삼성,키움,22446.0,23576.46611194781,-1130.4661119478114,5.036381145628671
2025-09-04,수원,KT,LG,12424.0,11467.15956506754,956.8404349324592,7.701548896751925
2025-09-04,창원,NC,두산,5335.0,10257.627961232554,-4922.627961232554,92.27043976068518
2025-09-05,문학,SSG,롯데,21529.0,24107.04387160964,-2578.0438716096396,11.974749740395001
2025-09-05,창원,NC,두산,6590.0,15521.757545756898,-8931.757545756898,135.5350158688452
2025-09-05,대구,삼성,키움,24000.0,27729.297222523823,-3729.2972225238227,15.538738427182594
2025-09-06,대구,삼성,한화,24000.0,28866.531178038033,-4866.5311780380325,20.277213241825134
2025-09-06,창원,NC,KIA,15040.0,18174.388220817884,-3134.388220817884,20.840347212884865
2025-09-07,대구,삼성,한화,24000.0,26685.119089687665,-2685.119089687665,11.187996207031938
2025-09-07,창원,NC,KIA,11095.0,17053.56987544034,-5958.569875440338,53.70500113060241
2025-09-07,잠실,LG,SSG,23750.0,27522.882953913107,-3772.8829539131075,15.885822963844662
2025-09-09,사직,롯데,한화,18109.0,20346.092125506395,-2237.092125506395,12.353482387246093
2025-09-09,고척,키움,LG,14773.0,12837.31229274478,1935.6877072552197,13.102874888345086
2025-09-09,수원,KT,두산,12252.0,13083.036375659633,-831.0363756596325,6.7828630073427405
2025-09-10,사직,롯데,한화,22011.0,22088.273474431815,-77.27347443181498,0.35106753183324235
2025-09-10,잠실,두산,LG,17856.0,22472.297553806962,-4616.297553806962,25.852920888255838
2025-09-10,창원,NC,SSG,4514.0,9651.167396663728,-5137.167396663728,113.80521481310872
2025-09-10,광주,KIA,삼성,9793.0,21067.881479075444,-11274.881479075444,115.13204818825125
2025-09-11,잠실,LG,KT,20722.0,22070.23317724284,-1348.2331772428406,6.506288858425058
2025-09-11,광주,KIA,롯데,9614.0,21786.161703299644,-12172.161703299644,126.60871336904142
2025-09-11,고척,키움,NC,7035.0,12057.420070454009,-5022.420070454009,71.39189865606266
2025-09-11,대구,삼성,SSG,24000.0,22574.07634981401,1425.9236501859887,5.941348542441619
2025-09-12,광주,KIA,두산,9617.0,23395.390696088412,-13778.390696088412,143.27119367878146
2025-09-13,창원,NC,두산,12658.0,17824.112073385364,-5166.112073385364,40.81302001410463
2025-09-13,대구,삼성,KT,24000.0,27069.068196530952,-3069.0681965309523,12.7877841522123
2025-09-13,대전,한화,키움,17000.0,20413.03613011007,-3413.036130110071,20.076683118294536
2025-09-13,사직,롯데,SSG,22669.0,25207.19084881439,-2538.190848814389,11.196748197160831
2025-09-13,잠실,LG,KIA,23750.0,27472.5878643064,-3722.587864306399,15.674054165500625
2025-09-14,잠실,LG,KIA,23750.0,30108.91606794255,-6358.916067942551,26.774383443968635
2025-09-14,대구,삼성,KT,24000.0,27778.46572249995,-3778.46572249995,15.743607177083124
2025-09-14,창원,NC,두산,11711.0,16584.300883249976,-4873.300883249976,41.61302094825358
2025-09-14,대전,한화,키움,17000.0,19452.460345084815,-2452.4603450848153,14.426237324028326
2025-09-15,대전,한화,키움,17000.0,15999.348777246872,1000.6512227531275,5.886183663253691
2025-09-16,광주,KIA,한화,9197.0,20547.304415174203,-11350.304415174203,123.41311748585628
2025-09-16,수원,KT,LG,11481.0,11313.646139461242,167.35386053875845,1.4576592678229985
2025-09-16,대구,삼성,롯데,24000.0,22701.0236426751,1298.9763573249002,5.41240148885375
2025-09-16,창원,NC,SSG,5145.0,9764.1231489838,-4619.123148983799,89.77887558763457
2025-09-16,잠실,두산,키움,12716.0,17915.086334548632,-5199.086334548632,40.88617752869324
2025-09-17,광주,KIA,한화,6782.0,18330.516414206802,-11548.516414206802,170.28186986444712
2025-09-17,창원,NC,SSG,5083.0,10016.576782051658,-4933.576782051658,97.06033409505524
2025-09-17,잠실,두산,키움,10037.0,17395.623484384567,-7358.623484384567,73.31496945685531
2025-09-18,광주,KIA,한화,10841.0,21299.487651665208,-10458.487651665208,96.47161379637679
2025-09-18,수원,KT,LG,14875.0,14269.305061638115,605.6949383618849,4.071898745289982
2025-09-18,창원,NC,삼성,12039.0,11468.870137754535,570.1298622454651,4.735691189014578
2025-09-18,수원,KT,LG,7016.0,13682.484881660434,-6666.4848816604335,95.01831359265157
2025-09-18,잠실,두산,키움,13498.0,24533.175555035807,-11035.175555035807,81.7541528747652
2025-09-19,창원,NC,롯데,17983.0,16903.314444822827,1079.6855551771732,6.003923456470963
2025-09-20,수원,KT,한화,18700.0,20236.125074981454,-1536.1250749814535,8.214572593483709
2025-09-20,광주,KIA,NC,17739.0,26505.618124902212,-8766.618124902212,49.420024380755464
2025-09-20,문학,SSG,두산,23000.0,26596.52546114667,-3596.52546114667,15.637067222376825
2025-09-20,잠실,LG,삼성,23750.0,26974.426759249363,-3224.4267592493634,13.576533723155215
2025-09-20,사직,롯데,키움,22669.0,27256.10289216416,-4587.102892164159,20.235135613234633
2025-09-21,광주,KIA,NC,13805.0,25505.27121937686,-11700.27121937686,84.7538661309443
2025-09-21,문학,SSG,두산,23000.0,25830.22196637605,-2830.2219663760516,12.30531289728718
2025-09-21,수원,KT,삼성,18700.0,18857.382869466695,-157.3828694666954,0.8416196228165531
2025-09-22,문학,SSG,두산,13067.0,20707.53716987943,-7640.53716987943,58.47200711624267
2025-09-23,울산,롯데,NC,9690.0,15759.12449714211,-6069.124497142109,62.63286374759659
2025-09-23,문학,SSG,KIA,19974.0,22869.837220039728,-2895.837220039728,14.498033543805589
2025-09-23,수원,KT,키움,12632.0,14174.400072880791,-1542.4000728807914,12.2102602349651
2025-09-23,대구,삼성,두산,23950.0,23190.238633082226,759.7613669177736,3.1722812814938357
2025-09-24,고척,키움,KIA,16000.0,13443.291194753556,2556.708805246444,15.979430032790276
2025-09-24,창원,NC,LG,10764.0,10357.743196874011,406.2568031259889,3.7742177919545603
2025-09-24,대구,삼성,롯데,23940.0,21660.764745114262,2279.235254885738,9.520615099773341
2025-09-25,잠실,두산,한화,23750.0,24555.940110830816,-805.9401108308157,3.3934320456034346
2025-09-25,문학,SSG,KT,15279.0,20276.289424808834,-4997.289424808834,32.70691422742872
2025-09-25,울산,롯데,LG,9315.0,13640.62549177739,-4325.6254917773895,46.437203347046584
2025-09-25,대구,삼성,키움,23089.0,19511.05503130505,3577.9449686949483,15.496318457685254
2025-09-26,문학,SSG,KT,19087.0,24169.577447772746,-5082.577447772746,26.628477224145996
2025-09-26,대전,한화,LG,17000.0,17297.644075223183,-297.6440752231829,1.7508475013128404
2025-09-26,잠실,두산,NC,18418.0,28469.66250502609,-10051.662505026088,54.57521177666461
2025-09-26,사직,롯데,삼성,22669.0,26595.898743755624,-3926.8987437556243,17.32277005494563
2025-09-27,광주,KIA,NC,14945.0,25747.312530769133,-10802.312530769133,72.28044517075365
2025-09-27,잠실,두산,SSG,23750.0,28741.60596721808,-4991.605967218082,21.017288283023504
2025-09-27,대전,한화,LG,17000.0,18202.007230206123,-1202.0072302061235,7.070630765918374
2025-09-28,잠실,두산,롯데,23750.0,26056.218699698144,-2306.2186996981436,9.710394525044814
2025-09-28,고척,키움,삼성,16000.0,19669.682572087062,-3669.682572087062,22.935516075544136
2025-09-29,대전,한화,LG,17000.0,14834.429035035651,2165.5709649643486,12.738652735084404
2025-09-29,문학,SSG,롯데,22184.0,21801.9243944706,382.0756055294005,1.722302585329068
2025-09-29,광주,KIA,NC,3634.0,21603.588405530423,-17969.588405530423,494.48509646478874
2025-09-30,대구,삼성,KIA,23933.0,22210.979190927865,1722.0208090721353,7.19517322973357
2025-09-30,창원,NC,KT,14235.0,10574.467482299711,3660.5325177002887,25.715015930455138
2025-09-30,대전,한화,롯데,17000.0,16135.325426374015,864.6745736259854,5.086321021329327
2025-09-30,잠실,LG,두산,23750.0,21954.221586913278,1795.7784130867221,7.561172265628303
2025-09-30,고척,키움,SSG,16000.0,12997.471733890994,3002.528266109006,18.765801663181286
2025-10-01,문학,SSG,한화,23000.0,20899.904404662186,2100.0955953378143,9.130850414512235
2025-10-01,광주,KIA,KT,6777.0,21180.22455172724,-14403.224551727239,212.53098054784178
2025-10-01,잠실,LG,NC,23750.0,20960.32327243425,2789.676727565751,11.746007273961059
2025-10-02,광주,KIA,SSG,8043.0,18846.291951734693,-10803.291951734693,134.3191837838455
2025-10-03,수원,KT,한화,18700.0,16621.898047719635,2078.1019522803654,11.112844664600885
2025-10-04,창원,NC,SSG,17983.0,18078.65675885119,-95.6567588511898,0.5319288152765934
2025-10-04,광주,KIA,삼성,17513.0,25291.768452989498,-7778.768452989498,44.4171098783161
